#PETID,ペット名（ペット名は10文字まで）,PICTID,種別ID,体の幅,体の長さ,スケール,特殊情報,,,,基本パラメータ,,,,,,,,戦闘パラメータ,,,,,,,,,,,,,,,,,,,,,,,,,,属性値,,,,,,,状態異常耐性,,,,,,,,,思考ID(通常時）,,,,,,,,,,思考ID(出現時),,思考ID(瀕死時),,,,,,,,,,思考ID(終焉時）,,スキルリスト,,,,,,,,,,,,,,,,EXP,JOBEXP,ドロップアイテム,ドロップアイテム,,,,,,,騎乗者非表示設定,備考,
#,,,,,,,飛行,アンデッド,モーションセット番号,LV,腕力,魔力,体力,器用度,敏捷度,知性,運,魅力,最大HP,最大SP,最大MP,速度,最小攻,最大攻,タイプ,最小魔攻,最大魔攻,物理防－,物理防％,魔法防－,魔法防％,近命中,遠命中,魔命中,近回避,遠回避,魔回避,クリティカル,クリティカル回避,回復力,魔回復力,攻撃速度,詠唱速度,射程,無,火,水,風,土,光,闇,毒,石化,麻痺,睡眠,沈黙,鈍足化,混乱,氷結,気絶,思考ID１,,思考ID2,,思考ID3,,思考ID4,,思考ID5,,思考ID1,,思考ID１,,思考ID2,,思考ID3,,思考ID4,,思考ID5,,思考ID1,,スキルID1,,スキルID2,,スキルID3,,スキルID4,,スキルID5,,スキルID6,,スキルID7,,スキルID8,,,,ドロップ率ID,アイテムID1,アイテムID2,アイテムID3,アイテムID4,アイテムID5,アイテムID6,アイテムID7,
#99999999,,99999999,HUMAN,1,1,1,0,0,0,0,127,127,127,127,127,127,127,127,9999,9999,9999,9999,9999,9999,0,9999,9999,9999,9999,9999,9999,9999,9999,9999,9999,9999,9999,9999,9999,9999,9999,9999,9999,9999,100,100,100,100,100,100,100,9999,9999,9999,9999,9999,9999,9999,9999,9999,127,9999,127,9999,127,9999,127,9999,127,9999,127,9999,127,9999,127,9999,127,9999,127,9999,127,9999,127,9999,9999,0,9999,0,9999,0,9999,0,9999,0,9999,0,9999,0,9999,0,99999999,99999999,0,99999999,99999999,99999999,99999999,null,99999999,99999999,0,
10010003,コッコー,10010000,BIRD_20,0.8,0.8,0.8,0,0,0,1,1,1,1,1,1,1,1,1,250,0,0,500,45,45,STAB,25,25,30,20,30,20,30,10,45,35,20,25,20,7,100,1,200,200,1,0,0,0,0,0,0,0,50,50,50,50,50,50,50,50,50,41,100,0,0,0,0,0,0,0,0,0,0,41,100,0,0,0,0,0,0,0,0,0,0,6501,0,6503,0,6550,0,0,0,0,0,0,0,0,0,0,0,0,0,0,null,null,null,null,null,null,null,0,
10111300,シナモン,10111300,ANIMAL_82,1,1,1,0,0,0,1,1,1,1,1,1,1,1,1,200,0,0,500,13,13,BLOW,13,13,7,20,25,17,9,8,30,4,4,16,2,1,100,1,200,200,1,0,0,0,0,0,0,0,150,0,0,0,150,150,0,0,0,41,100,0,0,0,0,0,0,0,0,0,0,41,100,0,0,0,0,0,0,0,0,0,0,0,0,0,0,0,0,0,0,0,0,0,0,0,0,0,0,0,0,0,null,null,null,null,null,null,null,0,
10620002,ココッコー,10620000,BIRD_21,0.8,0.8,0.8,0,0,0,1,1,1,1,1,1,1,1,1,30,0,0,500,1,1,STAB,1,1,1,1,1,1,1,1,1,1,1,1,1,1,100,1,200,200,1,0,0,0,0,0,0,0,50,50,50,50,50,50,50,50,50,41,100,0,0,0,0,0,0,0,0,0,0,41,100,0,0,0,0,0,0,0,0,0,0,6501,0,6503,0,6550,0,0,0,0,0,0,0,0,0,0,0,0,0,0,null,null,null,null,null,null,null,0,
10620003,妹ココッコー,10620000,BIRD_30,0.3,0.3,0.3,0,0,0,1,1,1,1,1,1,1,1,1,1,0,0,500,1,1,STAB,1,1,1,1,1,1,1,1,1,1,1,1,1,1,100,1,200,200,1,0,0,0,0,0,0,0,50,50,50,50,50,50,50,50,50,41,100,0,0,0,0,0,0,0,0,0,0,41,100,0,0,0,0,0,0,0,0,0,0,6501,0,6503,0,6550,0,0,0,0,0,0,0,0,0,0,0,0,0,0,null,null,null,null,null,null,null,0,
10122000,バウバウ,10120100,ANIMAL_2,1,1,1,0,0,0,1,1,1,1,1,1,1,1,1,400,0,0,500,46,46,SLASH,11,11,32,14,10,10,35,12,39,50,24,18,20,6,100,1,200,200,1,0,0,0,0,0,0,0,50,50,50,50,50,50,50,50,50,41,100,0,0,0,0,0,0,0,0,0,0,41,100,0,0,0,0,0,0,0,0,0,0,6301,0,6303,0,6305,0,0,0,0,0,0,0,0,0,0,0,0,0,0,null,null,null,null,null,null,null,0,
10260000,ネコマタ,10260000,MAGIC_CREATURE_0,1,1,1,1,0,0,1,1,1,1,1,1,1,1,1,240,0,0,400,10,10,BLOW,30,30,3,6,10,16,34,20,100,60,20,120,20,20,100,1,200,200,1,0,0,0,0,0,0,0,80,80,80,50,50,50,50,80,50,40,100,0,0,0,0,0,0,0,0,0,0,40,100,0,0,0,0,0,0,0,0,0,0,0,0,0,0,0,0,0,0,0,0,0,0,0,0,0,0,0,0,0,null,null,null,null,null,null,null,0,
10260003,ネコマタ（菫）,10260003,MAGIC_CREATURE_19,1,1,1,1,0,0,1,1,1,1,1,1,1,1,1,240,0,0,400,10,10,BLOW,30,30,3,6,10,16,34,20,100,60,20,120,20,20,100,1,200,200,1,0,0,0,0,0,0,0,80,80,80,50,50,50,50,80,50,40,100,0,0,0,0,0,0,0,0,0,0,40,100,0,0,0,0,0,0,0,0,0,0,0,0,0,0,0,0,0,0,0,0,0,0,0,0,0,0,0,0,0,null,null,null,null,null,null,null,0,
10260004,ネコマタ（茜）,10260004,MAGIC_CREATURE_28,1,1,1,1,0,0,1,1,1,1,1,1,1,1,1,240,0,0,400,10,10,BLOW,30,30,3,6,10,16,34,20,100,60,20,120,20,20,100,1,200,200,1,0,0,0,0,0,0,0,80,80,80,50,50,50,50,80,50,40,100,0,0,0,0,0,0,0,0,0,0,40,100,0,0,0,0,0,0,0,0,0,0,0,0,0,0,0,0,0,0,0,0,0,0,0,0,0,0,0,0,0,null,null,null,null,null,null,null,0,
10260005,ネコマタ（杏）,10260005,MAGIC_CREATURE_29,0.95,0.95,0.95,1,0,0,1,1,1,1,1,1,1,1,1,240,0,0,400,10,10,BLOW,30,30,3,6,10,16,34,20,100,60,20,120,20,20,100,1,200,200,1,0,0,0,0,0,0,0,80,80,80,50,50,50,50,80,50,40,100,0,0,0,0,0,0,0,0,0,0,40,100,0,0,0,0,0,0,0,0,0,0,0,0,0,0,0,0,0,0,0,0,0,0,0,0,0,0,0,0,0,null,null,null,null,null,null,null,0,
10260006,ネコマタ（空）,10260006,MAGIC_CREATURE_32,1,1,1,1,0,0,1,1,1,1,1,1,1,1,1,240,0,0,400,10,10,BLOW,30,30,3,6,10,16,34,20,100,60,20,120,20,20,100,1,200,200,1,0,0,0,0,0,0,0,80,80,80,50,50,50,50,80,50,40,100,0,0,0,0,0,0,0,0,0,0,40,100,0,0,0,0,0,0,0,0,0,0,0,0,0,0,0,0,0,0,0,0,0,0,0,0,0,0,0,0,0,null,null,null,null,null,null,null,0,
10260007,ネコマタ（転生桃）,10260007,MAGIC_CREATURE_0,0.95,0.95,0.95,1,0,0,1,1,1,1,1,1,1,1,1,240,0,0,400,10,10,BLOW,30,30,3,6,10,16,34,20,100,60,20,120,20,20,100,1,200,200,1,0,0,0,0,0,0,0,80,80,80,50,50,50,50,80,50,40,100,0,0,0,0,0,0,0,0,0,0,40,100,0,0,0,0,0,0,0,0,0,0,0,0,0,0,0,0,0,0,0,0,0,0,0,0,0,0,0,0,0,null,null,null,null,null,null,null,0,
10260008,ネコマタ（新緑）,10260008,MAGIC_CREATURE_1,0.95,0.95,0.95,1,0,0,1,1,1,1,1,1,1,1,1,240,0,0,400,10,10,BLOW,30,30,3,6,10,16,34,20,100,60,20,120,20,20,100,1,200,200,1,0,0,0,0,0,0,0,80,80,80,50,50,50,50,80,50,40,100,0,0,0,0,0,0,0,0,0,0,40,100,0,0,0,0,0,0,0,0,0,0,0,0,0,0,0,0,0,0,0,0,0,0,0,0,0,0,0,0,0,null,null,null,null,null,null,null,0,
10260009,ネコマタ（覚醒新緑）,10260008,MAGIC_CREATURE_37,0.95,0.95,0.95,1,0,0,1,1,1,1,1,1,1,1,1,240,0,0,400,10,10,BLOW,30,30,3,6,10,16,34,20,100,60,20,120,20,20,100,1,200,200,1,0,0,0,0,0,0,0,80,80,80,50,50,50,50,80,50,40,100,0,0,0,0,0,0,0,0,0,0,40,100,0,0,0,0,0,0,0,0,0,0,0,0,0,0,0,0,0,0,0,0,0,0,0,0,0,0,0,0,0,null,null,null,null,null,null,null,0,
10260010,ネコマタ（覚醒緑）,10260050,MAGIC_CREATURE_37,0.95,0.95,0.95,1,0,0,1,1,1,1,1,1,1,1,1,240,0,0,400,10,10,BLOW,30,30,3,6,10,16,34,20,100,60,20,120,20,20,100,1,200,200,1,0,0,0,0,0,0,0,80,80,80,50,50,50,50,80,50,40,100,0,0,0,0,0,0,0,0,0,0,40,100,0,0,0,0,0,0,0,0,0,0,0,0,0,0,0,0,0,0,0,0,0,0,0,0,0,0,0,0,0,null,null,null,null,null,null,null,0,
10260050,ネコマタ（緑）,10260050,MAGIC_CREATURE_1,0.95,0.95,0.95,1,0,0,1,1,1,1,1,1,1,1,1,240,0,0,400,10,10,BLOW,30,30,3,6,10,16,34,20,100,60,20,120,20,20,100,1,200,200,1,0,0,0,0,0,0,0,80,80,80,50,50,50,50,80,50,40,100,0,0,0,0,0,0,0,0,0,0,40,100,0,0,0,0,0,0,0,0,0,0,0,0,0,0,0,0,0,0,0,0,0,0,0,0,0,0,0,0,0,null,null,null,null,null,null,null,0,
10260051,ネコマタ（藍）,10260051,MAGIC_CREATURE_13,1,1,1,1,0,0,1,1,1,1,1,1,1,1,1,240,0,0,400,10,10,BLOW,30,30,3,6,10,16,34,20,100,60,20,120,20,20,100,1,200,200,1,0,0,0,0,0,0,0,80,80,80,50,50,50,50,80,50,40,100,0,0,0,0,0,0,0,0,0,0,40,100,0,0,0,0,0,0,0,0,0,0,0,0,0,0,0,0,0,0,0,0,0,0,0,0,0,0,0,0,0,null,null,null,null,null,null,null,0,
10260052,ネコマタ（山吹）,10260052,MAGIC_CREATURE_18,1,1,1,1,0,0,1,1,1,1,1,1,1,1,1,240,0,0,400,10,10,BLOW,30,30,3,6,10,16,34,20,100,60,20,120,20,20,100,1,200,200,1,0,0,0,0,0,0,0,80,80,80,50,50,50,50,80,50,40,100,0,0,0,0,0,0,0,0,0,0,40,100,0,0,0,0,0,0,0,0,0,0,0,0,0,0,0,0,0,0,0,0,0,0,0,0,0,0,0,0,0,null,null,null,null,null,null,null,0,
10260054,upgrade（韓国）,10260005,MAGIC_CREATURE_36,0.95,0.95,0.95,1,0,0,1,1,1,1,1,1,1,1,1,480,0,0,400,20,20,BLOW,30,30,3,6,10,16,34,20,100,60,20,120,20,20,100,1,200,200,1,0,0,0,0,0,0,0,80,80,80,50,50,50,50,80,50,40,100,0,0,0,0,0,0,0,0,0,0,40,100,0,0,0,0,0,0,0,0,0,0,0,0,0,0,0,0,0,0,0,0,0,0,0,0,0,0,0,0,0,null,null,null,null,null,null,null,0,
10440000,ペペン,10440000,BIRD_113,1,1,1,0,0,0,1,1,1,1,1,1,1,1,1,500,0,0,500,13,13,BLOW,13,13,7,20,25,17,9,8,30,4,4,16,2,1,100,1,200,200,1,0,0,0,0,0,0,0,150,0,0,0,150,150,0,0,0,41,100,0,0,0,0,0,0,0,0,0,0,41,100,0,0,0,0,0,0,0,0,0,0,0,0,0,0,0,0,0,0,0,0,0,0,0,0,0,0,0,0,0,null,null,null,null,null,null,null,0,
10540000,傭兵,10540000,HUMAN_3,1,1,1.2,0,0,0,1,1,1,1,1,1,1,1,1,600,0,0,450,52,52,SLASH,37,37,41,26,32,24,52,10,90,40,55,33,6,4,100,1,200,200,1,0,0,0,0,0,0,0,0,0,0,0,0,0,0,0,0,41,100,0,0,0,0,0,0,0,0,0,0,41,100,0,0,0,0,0,0,0,0,0,0,6401,0,6403,0,6450,0,0,0,0,0,0,0,0,0,0,0,0,0,0,null,null,null,null,null,null,null,0,
10540003,青衣の傭兵,10540003,HUMAN_22,1,1,1.2,0,0,0,1,1,1,1,1,1,1,1,1,600,0,0,450,77,77,SLASH,48,48,61,32,48,36,78,15,135,60,82,49,9,6,100,1,200,200,1,0,0,0,0,0,0,0,0,0,0,0,0,0,0,0,0,41,100,0,0,0,0,0,0,0,0,0,0,41,100,0,0,0,0,0,0,0,0,0,0,6401,0,6403,0,6450,0,0,0,0,0,0,0,0,0,0,0,0,0,0,null,null,null,null,null,null,null,0,
10540002,紫衣の傭兵,10540002,HUMAN_3,1,1,1.2,0,0,0,1,1,1,1,1,1,1,1,1,600,0,0,450,52,52,SLASH,37,37,41,26,32,24,52,10,90,40,55,33,6,4,100,1,200,200,1,0,0,0,0,0,0,0,0,0,0,0,0,0,0,0,0,41,100,0,0,0,0,0,0,0,0,0,0,41,100,0,0,0,0,0,0,0,0,0,0,6401,0,6403,0,6450,0,0,0,0,0,0,0,0,0,0,0,0,0,0,null,null,null,null,null,null,null,0,
10550000,ガトリング砲,10550000,MACHINE_4,1,1,1,0,0,0,1,1,1,1,1,1,1,1,1,300,0,0,450,56,56,STAB,10,10,5,9,10,18,40,101,100,20,36,24,7,1,100,1,200,200,6,0,0,0,0,0,0,0,255,255,255,255,255,0,0,0,255,41,100,0,0,0,0,0,0,0,0,0,0,41,100,0,0,0,0,0,0,0,0,0,0,6101,0,6103,0,6105,0,0,0,0,0,0,0,0,0,0,0,0,0,0,null,null,null,null,null,null,null,0,
10550016,青いガトリング砲,10550016,MACHINE_23,1,1,1,0,0,0,1,1,1,1,1,1,1,1,1,300,0,0,450,81,81,STAB,20,20,30,13,20,27,60,125,150,30,54,36,14,3,100,1,200,200,6,0,0,0,0,0,0,0,255,255,255,255,255,0,0,0,255,41,100,0,0,0,0,0,0,0,0,0,0,41,100,0,0,0,0,0,0,0,0,0,0,6101,0,6103,0,6105,0,0,0,0,0,0,0,0,0,0,0,0,0,0,null,null,null,null,null,null,null,0,
10550017,黄金のガトリング砲,10550017,MACHINE_4,1,1,1,0,0,0,1,1,1,1,1,1,1,1,1,300,0,0,450,56,56,STAB,10,10,5,9,10,18,40,101,100,20,36,24,7,1,100,1,200,200,6,0,0,0,0,0,0,0,255,255,255,255,255,0,0,0,255,41,100,0,0,0,0,0,0,0,0,0,0,41,100,0,0,0,0,0,0,0,0,0,0,6101,0,6103,0,6105,0,0,0,0,0,0,0,0,0,0,0,0,0,0,null,null,null,null,null,null,null,0,
10560000,キャリアー,10560000,INSECT_5,1,1,1,0,0,0,1,1,1,1,1,1,1,1,1,200,0,0,500,13,13,BLOW,13,13,7,20,25,17,9,8,30,4,4,16,2,1,100,1,200,200,1,0,0,0,0,0,0,0,150,0,0,0,150,150,0,0,0,41,100,0,0,0,0,0,0,0,0,0,0,41,100,0,0,0,0,0,0,0,0,0,0,0,0,0,0,0,0,0,0,0,0,0,0,0,0,0,0,0,0,0,null,null,null,null,null,null,null,0,
10560100,キャリアー,10560100,INSECT_5,1,1,1,0,0,0,1,1,1,1,1,1,1,1,1,200,0,0,500,13,13,BLOW,13,13,7,20,25,17,9,8,30,4,4,16,2,1,100,1,200,200,1,0,0,0,0,0,0,0,150,0,0,0,150,150,0,0,0,41,100,0,0,0,0,0,0,0,0,0,0,41,100,0,0,0,0,0,0,0,0,0,0,0,0,0,0,0,0,0,0,0,0,0,0,0,0,0,0,0,0,0,null,null,null,null,null,null,null,0,
10560200,キャリアー,10560200,INSECT_5,1,1,1,0,0,0,1,1,1,1,1,1,1,1,1,200,0,0,500,13,13,BLOW,13,13,7,20,25,17,9,8,30,4,4,16,2,1,100,1,200,200,1,0,0,0,0,0,0,0,150,0,0,0,150,150,0,0,0,41,100,0,0,0,0,0,0,0,0,0,0,41,100,0,0,0,0,0,0,0,0,0,0,0,0,0,0,0,0,0,0,0,0,0,0,0,0,0,0,0,0,0,null,null,null,null,null,null,null,0,
10560400,キャリアー,10560400,INSECT_5,1,1,1,0,0,0,1,1,1,1,1,1,1,1,1,200,0,0,500,13,13,BLOW,13,13,7,20,25,17,9,8,30,4,4,16,2,1,100,1,200,200,1,0,0,0,0,0,0,0,150,0,0,0,150,150,0,0,0,41,100,0,0,0,0,0,0,0,0,0,0,41,100,0,0,0,0,0,0,0,0,0,0,0,0,0,0,0,0,0,0,0,0,0,0,0,0,0,0,0,0,0,null,null,null,null,null,null,null,0,
10560800,キャリアー,10560800,INSECT_5,1,1,1,0,0,0,1,1,1,1,1,1,1,1,1,200,0,0,500,13,13,BLOW,13,13,7,20,25,17,9,8,30,4,4,16,2,1,100,1,200,200,1,0,0,0,0,0,0,0,150,0,0,0,150,150,0,0,0,41,100,0,0,0,0,0,0,0,0,0,0,41,100,0,0,0,0,0,0,0,0,0,0,0,0,0,0,0,0,0,0,0,0,0,0,0,0,0,0,0,0,0,null,null,null,null,null,null,null,0,
10566000,キャリアー,10566000,INSECT_5,1,1,1,0,0,0,1,1,1,1,1,1,1,1,1,200,0,0,500,13,13,BLOW,13,13,7,20,25,17,9,8,30,4,4,16,2,1,100,1,200,200,1,0,0,0,0,0,0,0,150,0,0,0,150,150,0,0,0,41,100,0,0,0,0,0,0,0,0,0,0,41,100,0,0,0,0,0,0,0,0,0,0,0,0,0,0,0,0,0,0,0,0,0,0,0,0,0,0,0,0,0,null,null,null,null,null,null,null,0,
10300002,キャリアー,10300002,INSECT_5,1,1,1,0,0,0,1,1,1,1,1,1,1,1,1,200,0,0,500,13,13,BLOW,13,13,7,20,25,17,9,8,30,4,4,16,2,1,100,1,200,200,1,0,0,0,0,0,0,0,150,0,0,0,150,150,0,0,0,41,100,0,0,0,0,0,0,0,0,0,0,41,100,0,0,0,0,0,0,0,0,0,0,0,0,0,0,0,0,0,0,0,0,0,0,0,0,0,0,0,0,0,null,null,null,null,null,null,null,0,
10565000,キャリアー,10565000,INSECT_5,1,1,1,0,0,0,1,1,1,1,1,1,1,1,1,200,0,0,500,13,13,BLOW,13,13,7,20,25,17,9,8,30,4,4,16,2,1,100,1,200,200,1,0,0,0,0,0,0,0,150,0,0,0,150,150,0,0,0,41,100,0,0,0,0,0,0,0,0,0,0,41,100,0,0,0,0,0,0,0,0,0,0,0,0,0,0,0,0,0,0,0,0,0,0,0,0,0,0,0,0,0,null,null,null,null,null,null,null,0,
10560001,ミニキャリアー,10560001,INSECT_5,1,1,0.8,0,0,0,1,1,1,1,1,1,1,1,1,160,0,0,500,13,13,BLOW,13,13,7,20,25,17,9,8,30,4,4,16,2,1,100,1,200,200,1,0,0,0,0,0,0,0,150,0,0,0,150,150,0,0,0,41,100,0,0,0,0,0,0,0,0,0,0,41,100,0,0,0,0,0,0,0,0,0,0,0,0,0,0,0,0,0,0,0,0,0,0,0,0,0,0,0,0,0,null,null,null,null,null,null,null,0,
10560101,ミニキャリアー,10560101,INSECT_5,1,1,0.8,0,0,0,1,1,1,1,1,1,1,1,1,160,0,0,500,13,13,BLOW,13,13,7,20,25,17,9,8,30,4,4,16,2,1,100,1,200,200,1,0,0,0,0,0,0,0,150,0,0,0,150,150,0,0,0,41,100,0,0,0,0,0,0,0,0,0,0,41,100,0,0,0,0,0,0,0,0,0,0,0,0,0,0,0,0,0,0,0,0,0,0,0,0,0,0,0,0,0,null,null,null,null,null,null,null,0,
10560201,ミニキャリアー,10560201,INSECT_5,1,1,0.8,0,0,0,1,1,1,1,1,1,1,1,1,160,0,0,500,13,13,BLOW,13,13,7,20,25,17,9,8,30,4,4,16,2,1,100,1,200,200,1,0,0,0,0,0,0,0,150,0,0,0,150,150,0,0,0,41,100,0,0,0,0,0,0,0,0,0,0,41,100,0,0,0,0,0,0,0,0,0,0,0,0,0,0,0,0,0,0,0,0,0,0,0,0,0,0,0,0,0,null,null,null,null,null,null,null,0,
10560401,ミニキャリアー,10560401,INSECT_5,1,1,0.8,0,0,0,1,1,1,1,1,1,1,1,1,160,0,0,500,13,13,BLOW,13,13,7,20,25,17,9,8,30,4,4,16,2,1,100,1,200,200,1,0,0,0,0,0,0,0,150,0,0,0,150,150,0,0,0,41,100,0,0,0,0,0,0,0,0,0,0,41,100,0,0,0,0,0,0,0,0,0,0,0,0,0,0,0,0,0,0,0,0,0,0,0,0,0,0,0,0,0,null,null,null,null,null,null,null,0,
10560801,ミニキャリアー,10560801,INSECT_5,1,1,0.8,0,0,0,1,1,1,1,1,1,1,1,1,160,0,0,500,13,13,BLOW,13,13,7,20,25,17,9,8,30,4,4,16,2,1,100,1,200,200,1,0,0,0,0,0,0,0,150,0,0,0,150,150,0,0,0,41,100,0,0,0,0,0,0,0,0,0,0,41,100,0,0,0,0,0,0,0,0,0,0,0,0,0,0,0,0,0,0,0,0,0,0,0,0,0,0,0,0,0,null,null,null,null,null,null,null,0,
10566001,ミニキャリアー,10566001,INSECT_5,1,1,0.8,0,0,0,1,1,1,1,1,1,1,1,1,160,0,0,500,13,13,BLOW,13,13,7,20,25,17,9,8,30,4,4,16,2,1,100,1,200,200,1,0,0,0,0,0,0,0,150,0,0,0,150,150,0,0,0,41,100,0,0,0,0,0,0,0,0,0,0,41,100,0,0,0,0,0,0,0,0,0,0,0,0,0,0,0,0,0,0,0,0,0,0,0,0,0,0,0,0,0,null,null,null,null,null,null,null,0,
10300003,ミニキャリアー,10300003,INSECT_5,1,1,0.8,0,0,0,1,1,1,1,1,1,1,1,1,160,0,0,500,13,13,BLOW,13,13,7,20,25,17,9,8,30,4,4,16,2,1,100,1,200,200,1,0,0,0,0,0,0,0,150,0,0,0,150,150,0,0,0,41,100,0,0,0,0,0,0,0,0,0,0,41,100,0,0,0,0,0,0,0,0,0,0,0,0,0,0,0,0,0,0,0,0,0,0,0,0,0,0,0,0,0,null,null,null,null,null,null,null,0,
10565001,ミニキャリアー,10565001,INSECT_5,1,1,0.8,0,0,0,1,1,1,1,1,1,1,1,1,160,0,0,500,13,13,BLOW,13,13,7,20,25,17,9,8,30,4,4,16,2,1,100,1,200,200,1,0,0,0,0,0,0,0,150,0,0,0,150,150,0,0,0,41,100,0,0,0,0,0,0,0,0,0,0,41,100,0,0,0,0,0,0,0,0,0,0,0,0,0,0,0,0,0,0,0,0,0,0,0,0,0,0,0,0,0,null,null,null,null,null,null,null,0,
10560002,プチクローラー,10560002,INSECT_5,1,1,0.5,0,0,0,1,1,1,1,1,1,1,1,1,160,0,0,400,13,13,BLOW,13,13,9,23,25,17,13,9,15,4,4,16,2,1,100,1,140,100,1,0,0,0,0,0,0,0,150,0,0,0,150,150,0,0,0,41,100,0,0,0,0,0,0,0,0,0,0,41,100,0,0,0,0,0,0,0,0,0,0,0,0,0,0,0,0,0,0,0,0,0,0,0,0,0,0,0,0,0,null,null,null,null,null,null,null,0,
10570000,わんわん,10570000,ANIMAL_6,1,1,1,0,0,0,1,1,1,1,1,1,1,1,1,400,0,0,500,42,42,SLASH,11,11,32,14,10,10,35,12,39,50,24,18,20,6,100,1,200,200,1,0,0,0,0,0,0,0,50,50,50,50,50,50,50,50,50,41,100,0,0,0,0,0,0,0,0,0,0,41,100,0,0,0,0,0,0,0,0,0,0,6301,0,6303,0,6305,0,0,0,0,0,0,0,0,0,0,0,0,0,0,null,null,null,null,null,null,null,0,
10570020,おめかしわんわん,10570020,ANIMAL_26,1,1,1,0,0,0,1,1,1,1,1,1,1,1,1,400,0,0,500,63,63,SLASH,22,22,48,21,20,15,54,18,57,75,36,27,30,9,100,1,200,200,1,0,0,0,0,0,0,0,50,50,50,50,50,50,50,50,50,41,100,0,0,0,0,0,0,0,0,0,0,41,100,0,0,0,0,0,0,0,0,0,0,6301,0,6303,0,6305,0,0,0,0,0,0,0,0,0,0,0,0,0,0,null,null,null,null,null,null,null,0,
10570021,バトルわんわん,10570021,ANIMAL_6,1,1,1,0,0,0,1,1,1,1,1,1,1,1,1,400,0,0,500,42,42,SLASH,11,11,32,14,10,10,35,12,39,50,24,18,20,6,100,1,200,200,1,0,0,0,0,0,0,0,50,50,50,50,50,50,50,50,50,41,100,0,0,0,0,0,0,0,0,0,0,41,100,0,0,0,0,0,0,0,0,0,0,6301,0,6303,0,6305,0,0,0,0,0,0,0,0,0,0,0,0,0,0,null,null,null,null,null,null,null,0,
10570003,捨て犬バウ,10120000,ANIMAL_6,1,1,1,0,0,0,1,1,1,1,1,1,1,1,1,300,0,0,500,46,46,SLASH,11,11,32,14,10,10,35,12,39,50,24,18,20,6,100,1,200,200,1,0,0,0,0,0,0,0,50,50,50,50,50,50,50,50,50,41,100,0,0,0,0,0,0,0,0,0,0,77,100,0,0,0,0,0,0,0,0,0,0,6301,0,6303,0,6305,0,0,0,0,0,0,0,0,0,0,0,0,0,0,null,null,null,null,null,null,null,0,
10570050,ブラックタン,10570050,ANIMAL_6,1,1,1,0,0,0,1,1,1,1,1,1,1,1,1,400,0,0,500,39,39,SLASH,11,11,32,14,10,10,35,12,39,50,24,18,20,6,100,1,200,200,1,0,0,0,0,0,0,0,50,50,50,50,50,50,50,50,50,41,100,0,0,0,0,0,0,0,0,0,0,41,100,0,0,0,0,0,0,0,0,0,0,6301,0,6303,0,6305,0,0,0,0,0,0,0,0,0,0,0,0,0,0,null,null,null,null,null,null,null,0,
10570010,おめかしブラックタン,10570010,ANIMAL_26,1,1,1,0,0,0,1,1,1,1,1,1,1,1,1,400,0,0,500,59,59,SLASH,24,24,51,19,20,15,52,18,57,75,36,27,30,9,100,1,200,200,1,0,0,0,0,0,0,0,50,50,50,50,50,50,50,50,50,41,100,0,0,0,0,0,0,0,0,0,0,41,100,0,0,0,0,0,0,0,0,0,0,6301,0,6303,0,6305,0,0,0,0,0,0,0,0,0,0,0,0,0,0,null,null,null,null,null,null,null,0,
10570014,バトルブラックタン,10570014,ANIMAL_6,1,1,1,0,0,0,1,1,1,1,1,1,1,1,1,400,0,0,500,39,39,SLASH,11,11,32,14,10,10,35,12,39,50,24,18,20,6,100,1,200,200,1,0,0,0,0,0,0,0,50,50,50,50,50,50,50,50,50,41,100,0,0,0,0,0,0,0,0,0,0,41,100,0,0,0,0,0,0,0,0,0,0,6301,0,6303,0,6305,0,0,0,0,0,0,0,0,0,0,0,0,0,0,null,null,null,null,null,null,null,0,
10580000,マンドラニンジン,10580000,PLANT_7,1,1,1,0,0,0,1,1,1,1,1,1,1,1,1,500,0,0,400,32,32,STAB,47,47,1,1,36,20,5,95,10,1,1,46,3,1,100,1,200,200,1,0,0,0,0,0,0,0,0,0,0,0,0,0,0,0,0,41,100,0,0,0,0,0,0,0,0,0,0,41,100,0,0,0,0,0,0,0,0,0,0,6201,0,6203,0,6205,0,6207,0,0,0,0,0,0,0,0,0,0,0,0,null,null,null,null,null,null,null,0,
10580500,マンドラワサビ,10580500,PLANT_7,1,1,1,0,0,0,1,1,1,1,1,1,1,1,1,500,0,0,400,32,32,STAB,47,47,1,1,36,20,5,95,10,1,1,46,3,1,100,1,200,200,1,0,0,0,0,0,0,0,0,0,0,0,0,0,0,0,0,41,100,0,0,0,0,0,0,0,0,0,0,41,100,0,0,0,0,0,0,0,0,0,0,6201,0,6203,0,6205,0,6207,0,0,0,0,0,0,0,0,0,0,0,0,null,null,null,null,null,null,null,0,
10581400,マンドラダイコン,10580002,PLANT_27,1,1,1,0,0,0,1,1,1,1,1,1,1,1,1,500,0,0,400,48,48,STAB,70,70,5,5,54,30,20,105,20,5,3,69,9,3,100,1,200,200,1,0,0,0,0,0,0,0,0,0,0,0,0,0,0,0,0,41,100,0,0,0,0,0,0,0,0,0,0,41,100,0,0,0,0,0,0,0,0,0,0,6201,0,6203,0,6205,0,6207,0,0,0,0,0,0,0,0,0,0,0,0,null,null,null,null,null,null,null,0,
10581401,マンドラダイコン,10580003,PLANT_7,1,1,1,0,0,0,1,1,1,1,1,1,1,1,1,500,0,0,400,32,32,STAB,47,47,1,1,36,20,5,95,10,1,1,46,3,1,100,1,200,200,1,0,0,0,0,0,0,0,0,0,0,0,0,0,0,0,0,41,100,0,0,0,0,0,0,0,0,0,0,41,100,0,0,0,0,0,0,0,0,0,0,6201,0,6203,0,6205,0,6207,0,0,0,0,0,0,0,0,0,0,0,0,null,null,null,null,null,null,null,0,
10660000,モーモー,10660000,ANIMAL_15,1,1,0.5,0,0,0,1,1,1,1,1,1,1,1,1,450,0,0,350,46,46,STAB,12,12,26,17,15,10,30,10,35,20,25,20,15,5,100,1,80,200,1,0,0,0,0,0,0,0,50,50,50,50,80,50,50,80,80,41,100,0,0,0,0,0,0,0,0,0,0,41,100,0,0,0,0,0,0,0,0,0,0,0,0,0,0,0,0,0,0,0,0,0,0,0,0,0,0,0,0,0,null,null,null,null,null,null,null,0,
10660001,マッスルモーモー,10660001,ANIMAL_44,1,1,0.5,0,0,0,1,1,1,1,1,1,1,1,1,450,0,0,350,76,76,STAB,24,24,48,24,20,15,58,16,38,40,35,30,28,7,100,1,80,200,1,0,0,0,0,0,0,0,50,50,50,50,80,50,50,80,80,41,100,0,0,0,0,0,0,0,0,0,0,41,100,0,0,0,0,0,0,0,0,0,0,0,0,0,0,0,0,0,0,0,0,0,0,0,0,0,0,0,0,0,null,null,null,null,null,null,null,0,
10660002,闘魂モーモー,10660002,ANIMAL_15,1,1,0.5,0,0,0,1,1,1,1,1,1,1,1,1,450,0,0,350,46,46,STAB,12,12,26,17,15,10,30,10,35,20,25,20,15,5,100,1,80,200,1,0,0,0,0,0,0,0,50,50,50,50,80,50,50,80,80,41,100,0,0,0,0,0,0,0,0,0,0,41,100,0,0,0,0,0,0,0,0,0,0,0,0,0,0,0,0,0,0,0,0,0,0,0,0,0,0,0,0,0,null,null,null,null,null,null,null,0,
10730000,ペガサス,10730000,ANIMAL_16,1,1,0.8,0,0,0,1,1,1,1,1,1,1,1,1,400,0,0,500,28,28,STAB,45,45,30,20,25,15,35,15,35,45,20,20,25,6,100,1,200,200,1,0,0,0,0,0,0,0,50,80,80,80,50,50,50,50,80,41,100,0,0,0,0,0,0,0,0,0,0,41,100,0,0,0,0,0,0,0,0,0,0,0,0,0,0,0,0,0,0,0,0,0,0,0,0,0,0,0,0,0,null,null,null,null,null,null,null,0,
10730001,ムーンペガサス,10730007,ANIMAL_45,1,1,0.9,0,0,0,1,1,1,1,1,1,1,1,1,400,0,0,500,38,38,STAB,75,75,45,22,50,30,53,21,46,65,30,30,32,10,100,1,200,200,1,0,0,0,0,0,0,0,50,80,80,80,50,50,50,50,80,41,100,0,0,0,0,0,0,0,0,0,0,41,100,0,0,0,0,0,0,0,0,0,0,0,0,0,0,0,0,0,0,0,0,0,0,0,0,0,0,0,0,0,null,null,null,null,null,null,null,0,
10730002,スターペガサス,10730008,ANIMAL_16,1,1,0.8,0,0,0,1,1,1,1,1,1,1,1,1,400,0,0,500,28,28,STAB,45,45,30,20,25,15,35,15,35,45,20,20,25,6,100,1,200,200,1,0,0,0,0,0,0,0,50,80,80,80,50,50,50,50,80,41,100,0,0,0,0,0,0,0,0,0,0,41,100,0,0,0,0,0,0,0,0,0,0,0,0,0,0,0,0,0,0,0,0,0,0,0,0,0,0,0,0,0,null,null,null,null,null,null,null,0,
20210000,ブースト,20210000,MAGIC_CREATURE_10,1,1,1,0,0,0,1,1,1,1,1,1,1,1,1,400,0,0,500,46,46,SLASH,11,11,32,14,10,10,35,12,39,50,24,18,20,1,100,1,200,200,1,0,0,0,0,0,0,0,50,50,50,50,50,50,50,50,50,41,100,0,0,0,0,0,0,0,0,0,0,41,100,0,0,0,0,0,0,0,0,0,0,6301,0,6303,0,6305,0,0,0,0,0,0,0,0,0,0,0,0,0,0,null,null,null,null,null,null,null,0,
10610000,ココア,10610000,ANIMAL_6,1,1,1,0,0,0,1,1,1,1,1,1,1,1,1,400,0,0,500,39,39,SLASH,11,11,32,14,10,10,35,12,39,50,24,18,20,6,100,1,200,200,1,0,0,0,0,0,0,0,50,50,50,50,50,50,50,50,50,41,100,0,0,0,0,0,0,0,0,0,0,41,100,0,0,0,0,0,0,0,0,0,0,6301,0,6303,0,6305,0,0,0,0,0,0,0,0,0,0,0,0,0,0,null,null,null,null,null,null,null,0,
10610500,ミント,10610500,ANIMAL_6,1,1,1,0,0,0,1,1,1,1,1,1,1,1,1,400,0,0,500,39,39,SLASH,11,11,32,14,10,10,35,12,39,50,24,18,20,6,100,1,200,200,1,0,0,0,0,0,0,0,50,50,50,50,50,50,50,50,50,41,100,0,0,0,0,0,0,0,0,0,0,41,100,0,0,0,0,0,0,0,0,0,0,6301,0,6303,0,6305,0,0,0,0,0,0,0,0,0,0,0,0,0,0,null,null,null,null,null,null,null,0,
10611100,ぶち,10611100,ANIMAL_6,1,1,1,0,0,0,1,1,1,1,1,1,1,1,1,400,0,0,500,39,39,SLASH,11,11,32,14,10,10,35,12,39,50,24,18,20,6,100,1,200,200,1,0,0,0,0,0,0,0,50,50,50,50,50,50,50,50,50,41,100,0,0,0,0,0,0,0,0,0,0,41,100,0,0,0,0,0,0,0,0,0,0,6301,0,6303,0,6305,0,0,0,0,0,0,0,0,0,0,0,0,0,0,null,null,null,null,null,null,null,0,
10611400,ミルキー,10611400,ANIMAL_6,1,1,1,0,0,0,1,1,1,1,1,1,1,1,1,400,0,0,500,39,39,SLASH,11,11,32,14,10,10,35,12,39,50,24,18,20,6,100,1,200,200,1,0,0,0,0,0,0,0,50,50,50,50,50,50,50,50,50,41,100,0,0,0,0,0,0,0,0,0,0,41,100,0,0,0,0,0,0,0,0,0,0,6301,0,6303,0,6305,0,0,0,0,0,0,0,0,0,0,0,0,0,0,null,null,null,null,null,null,null,0,
10136000,白狼,10136000,ANIMAL_4,1,1,0.7,0,0,0,1,1,1,1,1,1,1,1,1,460,0,0,400,55,55,SLASH,41,41,30,24,34,29,47,15,43,52,21,30,24,5,100,1,200,200,1,0,0,0,0,0,0,0,50,80,80,50,80,50,50,80,80,41,100,0,0,0,0,0,0,0,0,0,0,41,100,0,0,0,0,0,0,0,0,0,0,6307,0,6309,0,6350,0,6311,0,,0,0,0,,0,0,0,0,0,0,null,null,null,null,null,null,null,0,
10136010,金狼,10136010,ANIMAL_24,1,1,0.8,0,0,0,1,1,1,1,1,1,1,1,1,460,0,0,400,80,80,SLASH,50,50,45,28,38,32,70,20,56,74,31,45,36,10,100,1,200,200,1,0,0,0,0,0,0,0,50,80,80,50,80,50,50,80,80,41,100,0,0,0,0,0,0,0,0,0,0,41,100,0,0,0,0,0,0,0,0,0,0,6307,0,6309,0,6350,0,6311,0,,0,0,0,,0,0,0,0,0,0,null,null,null,null,null,null,null,0,
10136009,黒狼,10136009,ANIMAL_4,1,1,0.9,0,0,0,1,1,1,1,1,1,1,1,1,460,0,0,400,55,55,SLASH,41,41,30,24,34,29,47,15,43,52,21,30,24,5,100,1,200,200,1,0,0,0,0,0,0,0,50,80,80,50,80,50,50,80,80,41,100,0,0,0,0,0,0,0,0,0,0,41,100,0,0,0,0,0,0,0,0,0,0,6307,0,6309,0,6350,0,6311,0,,0,0,0,,0,0,0,0,0,0,null,null,null,null,null,null,null,0,
10146000,ロック鳥,10146000,BIRD_4,1,1,0.6,1,0,0,1,1,1,1,1,1,1,1,1,280,0,0,500,50,50,SLASH,28,28,28,19,23,15,30,88,30,60,48,19,28,10,100,1,200,200,1,0,0,0,0,0,0,0,50,80,80,80,50,80,50,50,50,41,100,0,0,0,0,0,0,0,0,0,0,41,100,0,0,0,0,0,0,0,0,0,0,6501,0,6503,0,6550,0,0,0,0,0,0,0,0,0,0,0,0,0,0,null,null,null,null,null,null,null,0,
10146010,ロック鳥（ヘヴィ）,10146010,BIRD_25,1,1,0.7,1,0,0,1,1,1,1,1,1,1,1,1,280,0,0,500,75,75,SLASH,43,43,42,24,34,22,106,99,45,90,72,28,42,25,100,1,200,200,1,0,0,0,0,0,0,0,50,80,80,80,50,80,50,50,50,41,100,0,0,0,0,0,0,0,0,0,0,41,100,0,0,0,0,0,0,0,0,0,0,6501,0,6503,0,6550,0,0,0,0,0,0,0,0,0,0,0,0,0,0,null,null,null,null,null,null,null,0,
10146014,ロック鳥（グレート）,10146014,BIRD_4,1,1,0.8,1,0,0,1,1,1,1,1,1,1,1,1,280,0,0,500,50,50,SLASH,28,28,28,19,23,15,30,88,30,60,48,19,28,10,100,1,200,200,1,0,0,0,0,0,0,0,50,80,80,80,50,80,50,50,50,41,100,0,0,0,0,0,0,0,0,0,0,41,100,0,0,0,0,0,0,0,0,0,0,6501,0,6503,0,6550,0,0,0,0,0,0,0,0,0,0,0,0,0,0,null,null,null,null,null,null,null,0,
10740000,スリーピー,10740000,ANIMAL_14,1,1,0.8,0,0,0,1,1,1,1,1,1,1,1,1,300,0,0,350,40,40,BLOW,1,1,40,25,10,10,35,20,100,40,20,18,18,5,100,1,200,200,1,0,0,0,0,0,0,0,50,50,50,0,50,50,50,50,50,41,100,0,0,0,0,0,0,0,0,0,0,41,100,0,0,0,0,0,0,0,0,0,0,0,0,0,0,0,0,0,0,0,0,0,0,0,0,0,0,0,0,0,null,null,null,null,null,null,null,0,
10750000,ライドクローラー（緑）,10750000,INSECT_RIDE_5,1,1,1,0,0,0,1,1,1,1,1,1,1,1,1,170,0,0,210,13,13,BLOW,12,12,10,20,25,17,12,8,27,3,3,15,1,1,110,1,140,120,1,0,0,0,0,0,0,0,150,50,50,0,150,150,50,50,50,41,100,0,0,0,0,0,0,0,0,0,0,41,100,0,0,0,0,0,0,0,0,0,0,0,0,0,0,0,0,0,0,0,0,0,0,0,0,0,0,0,0,0,null,null,null,null,null,null,null,0,
10750100,ライドクローラー（赤）,10750100,INSECT_RIDE_5,1,1,1,0,0,0,1,1,1,1,1,1,1,1,1,170,0,0,210,13,13,BLOW,12,12,10,20,25,17,12,8,27,3,3,15,1,1,110,1,140,120,1,0,0,0,0,0,0,0,150,50,50,0,150,150,50,50,50,41,100,0,0,0,0,0,0,0,0,0,0,41,100,0,0,0,0,0,0,0,0,0,0,0,0,0,0,0,0,0,0,0,0,0,0,0,0,0,0,0,0,0,null,null,null,null,null,null,null,0,
10750200,ライドクローラー（紫）,10750200,INSECT_RIDE_5,1,1,1,0,0,0,1,1,1,1,1,1,1,1,1,170,0,0,210,13,13,BLOW,12,12,10,20,25,17,12,8,27,3,3,15,1,1,110,1,140,120,1,0,0,0,0,0,0,0,150,50,50,0,150,150,50,50,50,41,100,0,0,0,0,0,0,0,0,0,0,41,100,0,0,0,0,0,0,0,0,0,0,0,0,0,0,0,0,0,0,0,0,0,0,0,0,0,0,0,0,0,null,null,null,null,null,null,null,0,
10750400,ライドクローラー（青）,10750400,INSECT_RIDE_5,1,1,1,0,0,0,1,1,1,1,1,1,1,1,1,170,0,0,210,13,13,BLOW,12,12,10,20,25,17,12,8,27,3,3,15,1,1,110,1,140,120,1,0,0,0,0,0,0,0,150,50,50,0,150,150,50,50,50,41,100,0,0,0,0,0,0,0,0,0,0,41,100,0,0,0,0,0,0,0,0,0,0,0,0,0,0,0,0,0,0,0,0,0,0,0,0,0,0,0,0,0,null,null,null,null,null,null,null,0,
10750800,ライドクローラー（黄）,10750800,INSECT_RIDE_5,1,1,1,0,0,0,1,1,1,1,1,1,1,1,1,170,0,0,210,13,13,BLOW,12,12,10,20,25,17,12,8,27,3,3,15,1,1,110,1,140,120,1,0,0,0,0,0,0,0,150,50,50,0,150,150,50,50,50,41,100,0,0,0,0,0,0,0,0,0,0,41,100,0,0,0,0,0,0,0,0,0,0,0,0,0,0,0,0,0,0,0,0,0,0,0,0,0,0,0,0,0,null,null,null,null,null,null,null,0,
10756000,ライドクローラー（岩）,10756000,INSECT_RIDE_5,1,1,1,0,0,0,1,1,1,1,1,1,1,1,1,170,0,0,210,13,13,BLOW,12,12,10,20,25,17,12,8,27,3,3,15,1,1,110,1,140,120,1,0,0,0,0,0,0,0,150,50,50,0,150,150,50,50,50,41,100,0,0,0,0,0,0,0,0,0,0,41,100,0,0,0,0,0,0,0,0,0,0,0,0,0,0,0,0,0,0,0,0,0,0,0,0,0,0,0,0,0,null,null,null,null,null,null,null,0,
10751200,ライドクローラー（毛）,10751200,INSECT_RIDE_5,1,1,1,0,0,0,1,1,1,1,1,1,1,1,1,170,0,0,210,13,13,BLOW,12,12,10,20,25,17,12,8,27,3,3,15,1,1,110,1,140,120,1,0,0,0,0,0,0,0,150,50,50,0,150,150,50,50,50,41,100,0,0,0,0,0,0,0,0,0,0,41,100,0,0,0,0,0,0,0,0,0,0,0,0,0,0,0,0,0,0,0,0,0,0,0,0,0,0,0,0,0,null,null,null,null,null,null,null,0,
10753000,ライドクローラー（白）,10753000,INSECT_RIDE_5,1,1,1,0,0,0,1,1,1,1,1,1,1,1,1,170,0,0,210,13,13,BLOW,12,12,10,20,25,17,12,8,27,3,3,15,1,1,110,1,140,120,1,0,0,0,0,0,0,0,150,50,50,0,150,150,50,50,50,41,100,0,0,0,0,0,0,0,0,0,0,41,100,0,0,0,0,0,0,0,0,0,0,0,0,0,0,0,0,0,0,0,0,0,0,0,0,0,0,0,0,0,null,null,null,null,null,null,null,0,
10760000,テスト２,10760000,ANIMAL_14,1,1,0.8,0,0,0,1,1,1,1,1,1,1,1,1,300,0,0,350,40,40,BLOW,1,1,40,25,10,10,35,20,100,40,20,18,18,5,100,1,200,200,1,0,0,0,0,0,0,0,50,50,50,0,50,50,50,50,50,41,100,0,0,0,0,0,0,0,0,0,0,41,100,0,0,0,0,0,0,0,0,0,0,0,0,0,0,0,0,0,0,0,0,0,0,0,0,0,0,0,0,0,null,null,null,null,null,null,null,0,
10760100,ファイアードラゴ,10760100,ANIMAL_RIDE_4,1,1,1,0,0,0,1,1,1,1,1,1,1,1,1,320,0,0,450,49,49,SLASH,43,43,37,26,18,10,43,24,13,28,15,14,21,4,120,1,150,130,1,0,0,0,0,0,0,0,150,0,50,0,150,0,50,0,150,41,100,0,0,0,0,0,0,0,0,0,0,41,100,0,0,0,0,0,0,0,0,0,0,0,0,0,0,0,0,0,0,0,0,0,0,0,0,0,0,0,0,0,null,null,null,null,null,null,null,0,
10760101,ファイアードラゴ,10760100,ANIMAL_RIDE_BREEDER_4,1,1,1,0,0,0,1,1,1,1,1,1,1,1,1,320,0,0,450,49,49,SLASH,43,43,37,26,18,10,43,24,13,28,15,14,21,4,120,1,150,130,1,0,0,0,0,0,0,0,150,0,50,0,150,0,50,0,150,41,100,0,0,0,0,0,0,0,0,0,0,41,100,0,0,0,0,0,0,0,0,0,0,0,0,0,0,0,0,0,0,0,0,0,0,0,0,0,0,0,0,0,null,null,null,null,null,null,null,0,
10760200,スーパードラゴ・パープル,10760200,ANIMAL_RIDE_4,1,1,1,0,0,0,1,1,1,1,1,1,1,1,1,700,0,0,350,75,75,SLASH,65,65,113,52,82,30,80,30,20,50,30,18,50,8,120,12,200,200,1,0,0,0,0,0,0,0,150,0,50,0,150,0,50,0,150,41,100,0,0,0,0,0,0,0,0,0,0,41,100,0,0,0,0,0,0,0,0,0,0,0,0,0,0,0,0,0,0,0,0,0,0,0,0,0,0,0,0,0,null,null,null,null,null,null,null,0,
10760300,ブルードラゴ,10760100,ANIMAL_RIDE_4,1,1,1,0,0,0,1,1,1,1,1,1,1,1,1,320,0,0,430,49,49,SLASH,43,43,37,26,18,10,43,24,13,28,15,14,21,4,120,1,150,130,1,0,0,0,0,0,0,0,150,0,50,0,150,0,50,0,150,41,100,0,0,0,0,0,0,0,0,0,0,41,100,0,0,0,0,0,0,0,0,0,0,0,0,0,0,0,0,0,0,0,0,0,0,0,0,0,0,0,0,0,null,null,null,null,null,null,null,0,
10760600,スーパードラゴ・グリーン,10760600,ANIMAL_RIDE_4,1,1,1,0,0,0,1,1,1,1,1,1,1,1,1,500,0,0,480,196,196,SLASH,129,129,37,26,18,10,129,48,39,84,45,28,63,16,120,12,200,200,1,0,0,0,0,0,0,0,150,0,50,0,150,0,50,0,150,41,100,0,0,0,0,0,0,0,0,0,0,41,100,0,0,0,0,0,0,0,0,0,0,0,0,0,0,0,0,0,0,0,0,0,0,0,0,0,0,0,0,0,null,null,null,null,null,null,null,0,
10760700,スーパードラゴ・オレンジ,10760700,ANIMAL_RIDE_4,1,1,1,0,0,0,1,1,1,1,1,1,1,1,1,1250,0,0,290,49,49,SLASH,43,43,180,65,135,54,43,24,13,84,45,28,21,16,120,12,150,130,1,0,0,0,0,0,0,0,150,0,50,0,150,0,50,0,150,41,100,0,0,0,0,0,0,0,0,0,0,41,100,0,0,0,0,0,0,0,0,0,0,0,0,0,0,0,0,0,0,0,0,0,0,0,0,0,0,0,0,0,null,null,null,null,null,null,null,0,
10760800,黄テスト,10760800,ANIMAL_14,1,1,0.8,0,0,0,1,1,1,1,1,1,1,1,1,300,0,0,350,40,40,BLOW,1,1,40,25,10,10,35,20,100,40,20,18,18,5,100,1,200,200,1,0,0,0,0,0,0,0,50,50,50,0,50,50,50,50,50,41,100,0,0,0,0,0,0,0,0,0,0,41,100,0,0,0,0,0,0,0,0,0,0,0,0,0,0,0,0,0,0,0,0,0,0,0,0,0,0,0,0,0,null,null,null,null,null,null,null,0,
10760900,ダークドラゴ,10760900,ANIMAL_RIDE_BREEDER_4,1,1,1,0,0,0,1,1,1,1,1,1,1,1,1,320,0,0,450,49,49,SLASH,43,43,37,26,18,10,43,24,13,28,15,14,21,4,120,1,150,130,1,0,0,0,0,0,0,0,150,0,50,0,150,0,50,0,150,41,100,0,0,0,0,0,0,0,0,0,0,41,100,0,0,0,0,0,0,0,0,0,0,0,0,0,0,0,0,0,0,0,0,0,0,0,0,0,0,0,0,0,null,null,null,null,null,null,null,0,
10760901,ダークドラゴ,10760901,ANIMAL_RIDE_4,1,1,1,0,0,0,1,1,1,1,1,1,1,1,1,320,0,0,450,49,49,SLASH,43,43,37,26,18,10,43,24,13,28,15,14,21,4,120,1,150,130,1,0,0,0,0,0,0,0,150,0,50,0,150,0,50,0,150,41,100,0,0,0,0,0,0,0,0,0,0,41,100,0,0,0,0,0,0,0,0,0,0,0,0,0,0,0,0,0,0,0,0,0,0,0,0,0,0,0,0,0,null,null,null,null,null,null,null,0,
10761400,スーパードラゴ・ホワイト,10761400,ANIMAL_RIDE_4,1,1,1,0,0,0,1,1,1,1,1,1,1,1,1,600,0,0,450,250,250,SLASH,129,129,150,65,82,30,129,48,39,84,45,28,63,16,120,12,200,200,1,0,0,0,0,0,0,0,150,0,50,0,150,0,50,0,150,41,100,0,0,0,0,0,0,0,0,0,0,41,100,0,0,0,0,0,0,0,0,0,0,0,0,0,0,0,0,0,0,0,0,0,0,0,0,0,0,0,0,0,null,null,null,null,null,null,null,0,
10761500,スーパードラゴ・ピンク,10761500,ANIMAL_RIDE_4,1,1,1,0,0,0,1,1,1,1,1,1,1,1,1,800,0,0,400,100,100,SLASH,90,90,90,44,90,48,102,35,25,75,35,20,60,10,120,12,200,200,1,0,0,0,0,0,0,0,150,0,50,0,150,0,50,0,150,41,100,0,0,0,0,0,0,0,0,0,0,41,100,0,0,0,0,0,0,0,0,0,0,0,0,0,0,0,0,0,0,0,0,0,0,0,0,0,0,0,0,0,null,null,null,null,null,null,null,0,
10760102,エレキテル（仮,10760100,ANIMAL_RIDE_4,1,1,1,0,0,0,1,1,1,1,1,1,1,1,1,320,0,0,450,49,49,SLASH,43,43,37,26,18,10,43,24,13,28,15,14,21,4,120,1,150,130,1,0,0,0,0,0,0,0,150,0,50,0,150,0,50,0,150,41,100,0,0,0,0,0,0,0,0,0,0,41,100,0,0,0,0,0,0,0,0,0,0,0,0,0,0,0,0,0,0,0,0,0,0,0,0,0,0,0,0,0,null,null,null,null,null,null,null,0,
10780000,モモンガ,10780000,ANIMAL_17,1,1,1.15,0,0,0,1,1,1,1,1,1,1,1,1,250,0,0,500,30,30,STAB,10,10,7,7,10,10,55,10,30,70,1,10,25,10,100,1,250,200,1,0,0,0,0,0,0,0,50,50,50,50,50,50,50,50,50,41,100,0,0,0,0,0,0,0,0,0,0,41,100,0,0,0,0,0,0,0,0,0,0,0,0,0,0,0,0,0,0,0,0,0,0,0,0,0,0,0,0,0,null,null,null,null,null,null,null,0,
10780002,ポイズンモモンガ,10780014,ANIMAL_46,1,1,1.15,0,0,0,1,1,1,1,1,1,1,1,1,250,0,0,500,50,50,STAB,20,20,14,9,20,15,78,15,32,90,1,18,30,13,100,1,250,200,1,0,0,0,0,0,0,0,255,50,50,50,50,50,50,50,50,41,100,0,0,0,0,0,0,0,0,0,0,41,100,0,0,0,0,0,0,0,0,0,0,0,0,0,0,0,0,0,0,0,0,0,0,0,0,0,0,0,0,0,null,null,null,null,null,null,null,0,
10780003,ポイズンモモンガ,10780015,ANIMAL_17,1,1,1.15,0,0,0,1,1,1,1,1,1,1,1,1,250,0,0,500,30,30,STAB,10,10,7,7,10,10,55,10,30,70,1,10,25,10,100,1,250,200,1,0,0,0,0,0,0,0,50,50,50,50,50,50,50,50,50,41,100,0,0,0,0,0,0,0,0,0,0,41,100,0,0,0,0,0,0,0,0,0,0,0,0,0,0,0,0,0,0,0,0,0,0,0,0,0,0,0,0,0,null,null,null,null,null,null,null,0,
10780050,白蛇様,10780050,ANIMAL_17,1,1,1.15,0,0,0,1,1,1,1,1,1,1,1,1,250,0,0,500,30,30,STAB,10,10,7,7,10,10,55,10,30,70,1,10,25,10,100,1,250,200,1,0,0,0,0,0,0,0,50,50,50,50,50,50,50,50,50,41,100,0,0,0,0,0,0,0,0,0,0,41,100,0,0,0,0,0,0,0,0,0,0,0,0,0,0,0,0,0,0,0,0,0,0,0,0,0,0,0,0,0,null,null,null,null,null,null,null,0,
10840000,２足歩行ロボ,10840000,MACHINE_RIDE_ROBOT_4,1,1,1,0,0,0,1,1,1,1,1,1,1,1,1,2000,250,250,450,150,150,BLOW,300,300,50,15,30,20,100,100,100,70,60,50,10,10,120,1,250,250,1,0,0,0,0,0,0,0,150,150,150,150,150,150,150,150,150,41,100,0,0,0,0,0,0,0,0,0,0,41,100,0,0,0,0,0,0,0,0,0,0,0,0,0,0,0,0,0,0,0,0,0,0,0,0,0,0,0,0,0,null,null,null,null,null,null,null,0,
10850600,世界征服用ロボ,10850600,MACHINE_76,1,1,0.7,0,0,0,1,1,1,1,1,1,1,1,1,500,0,0,450,71,71,STAB,10,10,30,13,20,27,71,100,100,20,36,24,9,6,100,1,200,200,1,0,0,0,0,0,0,0,255,255,255,255,255,0,0,0,255,41,100,0,0,0,0,0,0,0,0,0,0,41,100,0,0,0,0,0,0,0,0,0,0,0,0,0,0,0,0,0,0,0,0,0,0,0,0,0,0,0,0,0,null,null,null,null,null,null,null,0,
10890000,機関車タイニー,10890000,MACHINE_RIDE_4,1,1,1,0,0,0,1,1,1,1,1,1,1,1,1,320,0,0,450,49,49,STAB,43,43,37,26,18,10,43,24,13,28,15,14,21,4,120,1,150,130,1,0,0,0,0,0,0,0,150,0,50,0,150,0,50,0,150,41,100,0,0,0,0,0,0,0,0,0,0,41,100,0,0,0,0,0,0,0,0,0,0,0,0,0,0,0,0,0,0,0,0,0,0,0,0,0,0,0,0,0,null,null,null,null,null,null,null,0,
10890060,機関車ダンプティー,10890060,MACHINE_RIDE_4,1,1,1,0,0,0,1,1,1,1,1,1,1,1,1,320,0,0,450,49,49,STAB,43,43,37,26,18,10,43,24,13,28,15,14,21,4,120,1,150,130,1,0,0,0,0,0,0,0,150,0,50,0,150,0,50,0,150,41,100,0,0,0,0,0,0,0,0,0,0,41,100,0,0,0,0,0,0,0,0,0,0,0,0,0,0,0,0,0,0,0,0,0,0,0,0,0,0,0,0,0,null,null,null,null,null,null,null,0,
10900000,犬ぞり（クリスマス）,10900000,ANIMAL_RIDE_4,1,1,1,0,0,0,1,1,1,1,1,1,1,1,1,320,0,0,450,49,49,STAB,43,43,37,26,18,10,43,24,13,28,15,14,21,4,120,1,150,130,1,0,0,0,0,0,0,0,150,0,50,0,150,0,50,0,150,41,100,0,0,0,0,0,0,0,0,0,0,41,100,0,0,0,0,0,0,0,0,0,0,0,0,0,0,0,0,0,0,0,0,0,0,0,0,0,0,0,0,0,null,null,null,null,null,null,null,0,
10900001,２人乗りのそり,10900001,ANIMAL_RIDE_4,1,1,1,0,0,0,1,1,1,1,1,1,1,1,1,320,0,0,325,49,49,STAB,43,43,37,26,18,10,43,24,13,28,15,14,21,4,120,1,150,130,1,0,0,0,0,0,0,0,150,0,50,0,150,0,50,0,150,41,100,0,0,0,0,0,0,0,0,0,0,41,100,0,0,0,0,0,0,0,0,0,0,0,0,0,0,0,0,0,0,0,0,0,0,0,0,0,0,0,0,0,null,null,null,null,null,null,null,0,
10960050,ベビードラゴ,10960050,ANIMAL_57,1,1,0.4,0,0,0,1,1,1,1,1,1,1,1,1,35,0,0,400,1,1,BLOW,1,1,3,5,10,10,15,10,15,15,15,14,12,1,100,1,50,200,1,0,0,0,0,0,0,0,50,50,50,50,50,50,50,50,50,41,100,0,0,0,0,0,0,0,0,0,0,41,100,0,0,0,0,0,0,0,0,0,0,0,0,0,0,0,0,0,0,0,0,0,0,0,0,0,0,0,0,0,null,null,null,null,null,null,null,0,
14000000,空飛ぶじゅうたん,14000000,MAGIC_CREATURE_RIDE_4,1,1,1,0,0,0,1,1,1,1,1,1,1,1,1,320,0,0,450,49,49,STAB,43,43,37,26,18,10,43,24,13,28,15,14,21,4,120,1,150,130,1,0,0,0,0,0,0,0,150,0,50,0,150,0,50,0,150,41,100,0,0,0,0,0,0,0,0,0,0,41,100,0,0,0,0,0,0,0,0,0,0,0,0,0,0,0,0,0,0,0,0,0,0,0,0,0,0,0,0,0,null,null,null,null,null,null,null,0,
14000001,空飛ぶじゅうたん（桜）,14000001,MAGIC_CREATURE_RIDE_4,1,1,1,0,0,0,1,1,1,1,1,1,1,1,1,320,0,0,450,49,49,STAB,43,43,37,26,18,10,43,24,13,28,15,14,21,4,120,1,150,130,1,0,0,0,0,0,0,0,150,0,50,0,150,0,50,0,150,41,100,0,0,0,0,0,0,0,0,0,0,41,100,0,0,0,0,0,0,0,0,0,0,0,0,0,0,0,0,0,0,0,0,0,0,0,0,0,0,0,0,0,null,null,null,null,null,null,null,0,
14010000,人力車（金のインスマウス）,14010000,WATER_ANIMAL_RIDE_4,1,1,1,0,0,0,1,1,1,1,1,1,1,1,1,320,0,0,450,49,49,STAB,43,43,37,26,18,10,43,24,13,28,15,14,21,4,120,1,150,130,1,0,0,0,0,0,0,0,150,0,50,0,150,0,50,0,150,41,100,0,0,0,0,0,0,0,0,0,0,41,100,0,0,0,0,0,0,0,0,0,0,0,0,0,0,0,0,0,0,0,0,0,0,0,0,0,0,0,0,0,null,null,null,null,null,null,null,0,
14030005,ネコマタ（杏）？,14030005,MAGIC_CREATURE_29,1,1,1,1,0,0,1,1,1,1,1,1,1,1,1,240,0,0,400,10,10,BLOW,30,30,3,6,10,16,34,20,100,60,20,120,20,20,100,1,200,200,1,0,0,0,0,0,0,0,80,80,80,50,50,50,50,80,50,40,100,0,0,0,0,0,0,0,0,0,0,40,100,0,0,0,0,0,0,0,0,0,0,0,0,0,0,0,0,0,0,0,0,0,0,0,0,0,0,0,0,0,null,null,null,null,null,null,null,0,
14020000,空飛ぶコウモリ傘,14020000,MAGIC_CREATURE_RIDE_4,1,1,1,0,0,0,1,1,1,1,1,1,1,1,1,1,0,0,500,49,49,STAB,43,43,37,26,18,10,43,24,13,40,40,40,30,10,120,1,150,130,1,0,0,0,0,0,0,0,150,0,50,0,150,0,50,0,150,41,100,0,0,0,0,0,0,0,0,0,0,41,100,0,0,0,0,0,0,0,0,0,0,0,0,0,0,0,0,0,0,0,0,0,0,0,0,0,0,0,0,0,null,null,null,null,null,null,null,0,
14020001,空飛ぶコウモリ傘（ピンク）,14020001,MAGIC_CREATURE_RIDE_4,1,1,1,0,0,0,1,1,1,1,1,1,1,1,1,1,0,0,500,49,49,STAB,43,43,37,26,18,10,43,24,13,40,40,40,30,10,120,1,150,130,1,0,0,0,0,0,0,0,150,0,50,0,150,0,50,0,150,41,100,0,0,0,0,0,0,0,0,0,0,41,100,0,0,0,0,0,0,0,0,0,0,0,0,0,0,0,0,0,0,0,0,0,0,0,0,0,0,0,0,0,null,null,null,null,null,null,null,0,
14020002,空飛ぶコウモリ傘（赤）,14020002,MAGIC_CREATURE_RIDE_4,1,1,1,0,0,0,1,1,1,1,1,1,1,1,1,1,0,0,500,49,49,STAB,43,43,37,26,18,10,43,24,13,40,40,40,30,10,120,1,150,130,1,0,0,0,0,0,0,0,150,0,50,0,150,0,50,0,150,41,100,0,0,0,0,0,0,0,0,0,0,41,100,0,0,0,0,0,0,0,0,0,0,0,0,0,0,0,0,0,0,0,0,0,0,0,0,0,0,0,0,0,null,null,null,null,null,null,null,0,
14020003,たんぽぽの綿毛,14020003,MAGIC_CREATURE_RIDE_4,1,1,1,0,0,0,1,1,1,1,1,1,1,1,1,1,0,0,500,49,49,STAB,43,43,37,26,18,10,43,24,13,40,40,40,30,10,120,1,150,130,1,0,0,0,0,0,0,0,150,0,50,0,150,0,50,0,150,41,100,0,0,0,0,0,0,0,0,0,0,41,100,0,0,0,0,0,0,0,0,0,0,0,0,0,0,0,0,0,0,0,0,0,0,0,0,0,0,0,0,0,null,null,null,null,null,null,null,0,
14020004,空飛ぶコウモリ傘（白）,14020004,MAGIC_CREATURE_RIDE_4,1,1,1,0,0,0,1,1,1,1,1,1,1,1,1,1,0,0,500,49,49,STAB,43,43,37,26,18,10,43,24,13,40,40,40,30,10,120,1,150,130,1,0,0,0,0,0,0,0,150,0,50,0,150,0,50,0,150,41,100,0,0,0,0,0,0,0,0,0,0,41,100,0,0,0,0,0,0,0,0,0,0,0,0,0,0,0,0,0,0,0,0,0,0,0,0,0,0,0,0,0,null,null,null,null,null,null,null,0,
14040000,風船ブランコ,14040000,MAGIC_CREATURE_RIDE_4,1,1,1,0,0,0,1,1,1,1,1,1,1,1,1,320,0,0,450,49,49,STAB,43,43,37,26,18,10,30,25,20,28,15,14,30,4,120,1,150,130,1,0,0,0,0,0,0,0,150,0,50,0,150,0,50,0,150,41,100,0,0,0,0,0,0,0,0,0,0,41,100,0,0,0,0,0,0,0,0,0,0,0,0,0,0,0,0,0,0,0,0,0,0,0,0,0,0,0,0,0,null,null,null,null,null,null,null,0,
14050000,スリーピーカー,14050000,MACHINE_RIDE_4,1,1,1,0,0,0,1,1,1,1,1,1,1,1,1,320,0,0,450,49,49,STAB,43,43,37,26,18,10,30,25,20,28,15,14,30,4,120,1,150,130,1,0,0,0,0,0,0,0,150,0,50,0,150,0,50,0,150,41,100,0,0,0,0,0,0,0,0,0,0,41,100,0,0,0,0,0,0,0,0,0,0,0,0,0,0,0,0,0,0,0,0,0,0,0,0,0,0,0,0,0,null,null,null,null,null,null,null,0,
14060000,タチコマ,14060000,MACHINE_31,1,1,1,0,0,0,1,1,1,1,1,1,1,1,1,300,0,0,450,56,56,STAB,10,10,5,9,10,18,40,101,100,20,36,24,7,1,100,1,200,200,6,0,0,0,0,0,0,0,255,255,255,255,255,0,0,0,255,41,100,0,0,0,0,0,0,0,0,0,0,41,100,0,0,0,0,0,0,0,0,0,0,6101,0,6103,0,6105,0,0,0,0,0,0,0,0,0,0,0,0,0,0,null,null,null,null,null,null,null,0,
14070000,キラキラほうき星,14070000,MAGIC_CREATURE_RIDE_4,1,1,1,0,0,0,1,1,1,1,1,1,1,1,1,320,0,0,450,49,49,SLASH,43,43,37,26,18,10,43,24,13,28,15,14,21,4,120,1,150,130,1,0,0,0,0,0,0,0,150,0,50,0,150,0,50,0,150,41,100,0,0,0,0,0,0,0,0,0,0,41,100,0,0,0,0,0,0,0,0,0,0,0,0,0,0,0,0,0,0,0,0,0,0,0,0,0,0,0,0,0,null,null,null,null,null,null,null,0,
14070001,キラキラほうき星☆,14070001,MAGIC_CREATURE_RIDE_4,1,1,1,0,0,0,1,1,1,1,1,1,1,1,1,320,0,0,450,49,49,SLASH,43,43,37,26,18,10,43,24,13,28,15,14,21,4,120,1,150,130,1,0,0,0,0,0,0,0,150,0,50,0,150,0,50,0,150,41,100,0,0,0,0,0,0,0,0,0,0,41,100,0,0,0,0,0,0,0,0,0,0,0,0,0,0,0,0,0,0,0,0,0,0,0,0,0,0,0,0,0,null,null,null,null,null,null,null,0,
14080000,インス神輿,14080000,WATER_ANIMAL_RIDE_4,1,1,1,0,0,0,1,1,1,1,1,1,1,1,1,320,0,0,450,49,49,STAB,43,43,37,26,18,10,43,24,13,28,15,14,21,4,120,1,150,130,1,0,0,0,0,0,0,0,150,0,50,0,150,0,50,0,150,41,100,0,0,0,0,0,0,0,0,0,0,41,100,0,0,0,0,0,0,0,0,0,0,0,0,0,0,0,0,0,0,0,0,0,0,0,0,0,0,0,0,0,null,null,null,null,null,null,null,0,
14080001,インス神輿（金）,14080001,WATER_ANIMAL_RIDE_4,1,1,1,0,0,0,1,1,1,1,1,1,1,1,1,320,0,0,450,49,49,STAB,43,43,37,26,18,10,43,24,13,28,15,14,21,4,120,1,150,130,1,0,0,0,0,0,0,0,150,0,50,0,150,0,50,0,150,41,100,0,0,0,0,0,0,0,0,0,0,41,100,0,0,0,0,0,0,0,0,0,0,0,0,0,0,0,0,0,0,0,0,0,0,0,0,0,0,0,0,0,null,null,null,null,null,null,null,0,
14080002,インス神輿（黒）,14080002,WATER_ANIMAL_RIDE_4,1,1,1,0,0,0,1,1,1,1,1,1,1,1,1,320,0,0,450,49,49,STAB,43,43,37,26,18,10,43,24,13,28,15,14,21,4,120,1,150,130,1,0,0,0,0,0,0,0,150,0,50,0,150,0,50,0,150,41,100,0,0,0,0,0,0,0,0,0,0,41,100,0,0,0,0,0,0,0,0,0,0,0,0,0,0,0,0,0,0,0,0,0,0,0,0,0,0,0,0,0,null,null,null,null,null,null,null,0,
14080003,インス神輿（レインボー）,14080003,WATER_ANIMAL_RIDE_4,1,1,1,0,0,0,1,1,1,1,1,1,1,1,1,320,0,0,450,49,49,STAB,43,43,37,26,18,10,43,24,13,28,15,14,21,4,120,1,150,130,1,0,0,0,0,0,0,0,150,0,50,0,150,0,50,0,150,41,100,0,0,0,0,0,0,0,0,0,0,41,100,0,0,0,0,0,0,0,0,0,0,0,0,0,0,0,0,0,0,0,0,0,0,0,0,0,0,0,0,0,null,null,null,null,null,null,null,0,
14090000,インスライダー,14090000,WATER_ANIMAL_RIDE_4,1,1,1,0,0,0,1,1,1,1,1,1,1,1,1,320,0,0,450,49,49,STAB,43,43,37,26,18,10,43,24,13,28,15,14,21,4,120,1,150,130,1,0,0,0,0,0,0,0,150,0,50,0,150,0,50,0,150,41,100,0,0,0,0,0,0,0,0,0,0,41,100,0,0,0,0,0,0,0,0,0,0,0,0,0,0,0,0,0,0,0,0,0,0,0,0,0,0,0,0,0,null,null,null,null,null,null,null,0,
14090001,ゴールドライダー,14090001,WATER_ANIMAL_RIDE_4,1,1,1,0,0,0,1,1,1,1,1,1,1,1,1,320,0,0,450,49,49,STAB,43,43,37,26,18,10,43,24,13,28,15,14,21,4,120,1,150,130,1,0,0,0,0,0,0,0,150,0,50,0,150,0,50,0,150,41,100,0,0,0,0,0,0,0,0,0,0,41,100,0,0,0,0,0,0,0,0,0,0,0,0,0,0,0,0,0,0,0,0,0,0,0,0,0,0,0,0,0,null,null,null,null,null,null,null,0,
14090002,インスライダー（黒）,14090002,WATER_ANIMAL_RIDE_4,1,1,1,0,0,0,1,1,1,1,1,1,1,1,1,320,0,0,450,49,49,STAB,43,43,37,26,18,10,43,24,13,28,15,14,21,4,120,1,150,130,1,0,0,0,0,0,0,0,150,0,50,0,150,0,50,0,150,41,100,0,0,0,0,0,0,0,0,0,0,41,100,0,0,0,0,0,0,0,0,0,0,0,0,0,0,0,0,0,0,0,0,0,0,0,0,0,0,0,0,0,null,null,null,null,null,null,null,0,
14090003,インスライダー（クリスマス）,14090003,WATER_ANIMAL_RIDE_4,1,1,1,0,0,0,1,1,1,1,1,1,1,1,1,320,0,0,450,49,49,STAB,43,43,37,26,18,10,43,24,13,28,15,14,21,4,120,1,150,130,1,0,0,0,0,0,0,0,150,0,50,0,150,0,50,0,150,41,100,0,0,0,0,0,0,0,0,0,0,41,100,0,0,0,0,0,0,0,0,0,0,0,0,0,0,0,0,0,0,0,0,0,0,0,0,0,0,0,0,0,null,null,null,null,null,null,null,0,
14100000,おてつだいタイニー,14100000,ANIMAL_8,1,1,1,0,0,0,1,1,1,1,1,1,1,1,1,300,0,0,350,40,40,BLOW,1,1,40,25,10,10,35,20,100,40,20,0,18,5,100,1,200,200,1,0,0,0,0,0,0,0,50,50,50,0,50,50,50,50,50,41,100,0,0,0,0,0,0,0,0,0,0,41,100,0,0,0,0,0,0,0,0,0,0,0,0,0,0,0,0,0,0,0,0,0,0,0,0,0,0,0,0,0,null,null,null,null,null,null,null,0,
14180000,ゴロ付スーツケース,14180000,MAGIC_CREATURE_RIDE_4,1,1,1,0,0,0,1,1,1,1,1,1,1,1,1,320,0,0,450,49,49,BLOW,43,43,37,26,18,10,43,24,13,28,15,14,21,4,120,1,150,130,1,0,0,0,0,0,0,0,150,0,50,0,150,0,50,0,150,41,100,0,0,0,0,0,0,0,0,0,0,41,100,0,0,0,0,0,0,0,0,0,0,0,0,0,0,0,0,0,0,0,0,0,0,0,0,0,0,0,0,0,null,null,null,null,null,null,null,0,
14190000,救急わんわん,14190000,MAGIC_CREATURE_RIDE_4,1,1,1,0,0,0,1,1,1,1,1,1,1,1,1,320,0,0,450,49,49,STAB,43,43,37,26,18,10,43,24,13,28,15,14,21,4,120,1,150,130,1,0,0,0,0,0,0,0,150,0,50,0,150,0,50,0,150,41,100,0,0,0,0,0,0,0,0,0,0,41,100,0,0,0,0,0,0,0,0,0,0,0,0,0,0,0,0,0,0,0,0,0,0,0,0,0,0,0,0,0,null,null,null,null,null,null,null,0,
14200000,ジニアの花馬車,14200000,MAGIC_CREATURE_RIDE_4,1,1,1,0,0,0,1,1,1,1,1,1,1,1,1,320,0,0,450,49,49,BLOW,43,43,37,26,18,10,43,24,13,28,15,14,21,4,120,1,150,130,1,0,0,0,0,0,0,0,150,0,50,0,150,0,50,0,150,41,100,0,0,0,0,0,0,0,0,0,0,41,100,0,0,0,0,0,0,0,0,0,0,0,0,0,0,0,0,0,0,0,0,0,0,0,0,0,0,0,0,0,null,null,null,null,null,null,null,0,
14210000,やさしい象,14210000,MAGIC_CREATURE_RIDE_4,1,1,1,0,0,0,1,1,1,1,1,1,1,1,1,320,0,0,450,49,49,BLOW,43,43,37,26,18,10,43,24,13,28,15,14,21,4,120,1,150,130,1,0,0,0,0,0,0,0,150,0,50,0,150,0,50,0,150,41,100,0,0,0,0,0,0,0,0,0,0,41,100,0,0,0,0,0,0,0,0,0,0,0,0,0,0,0,0,0,0,0,0,0,0,0,0,0,0,0,0,0,null,null,null,null,null,null,null,0,
14230000,ニンジン凧,14230000,PLANT_7,1,1,1,0,0,0,1,1,1,1,1,1,1,1,1,320,0,0,450,49,49,BLOW,43,43,37,26,18,10,43,24,13,28,15,14,21,4,120,1,150,130,1,0,0,0,0,0,0,0,150,0,50,0,150,0,50,0,150,41,100,0,0,0,0,0,0,0,0,0,0,41,100,0,0,0,0,0,0,0,0,0,0,6201,0,6203,0,6205,0,6207,0,0,0,0,0,0,0,0,0,0,0,0,null,null,null,null,null,null,null,0,
14240000,ネコマタ(胡桃・若菜),14240000,MAGIC_CREATURE_35,1,1,1,1,0,0,1,1,1,1,1,1,1,1,1,240,0,0,400,10,10,BLOW,30,30,3,6,10,16,34,20,100,60,20,120,20,20,100,1,200,200,1,0,0,0,0,0,0,0,80,80,80,50,50,50,50,80,50,40,100,0,0,0,0,0,0,0,0,0,0,40,100,0,0,0,0,0,0,0,0,0,0,0,0,0,0,0,0,0,0,0,0,0,0,0,0,0,0,0,0,0,null,null,null,null,null,null,null,0,
14250000,サイドカーバイク,14250000,MACHINE_RIDE_4,1,1,1,0,0,0,1,1,1,1,1,1,1,1,1,320,0,0,450,49,49,STAB,43,43,37,26,18,10,43,24,13,28,15,14,21,4,120,1,150,130,1,0,0,0,0,0,0,0,150,0,50,0,150,0,50,0,150,41,100,0,0,0,0,0,0,0,0,0,0,41,100,0,0,0,0,0,0,0,0,0,0,0,0,0,0,0,0,0,0,0,0,0,0,0,0,0,0,0,0,0,null,null,null,null,null,null,null,0,
14255000,バイク（青）,14250000,MACHINE_RIDE_4,1,1,1,0,0,0,1,1,1,1,1,1,1,1,1,320,0,0,450,49,49,STAB,43,43,37,26,18,10,43,24,13,28,15,14,21,4,120,1,150,130,1,0,0,0,0,0,0,0,150,0,50,0,150,0,50,0,150,41,100,0,0,0,0,0,0,0,0,0,0,41,100,0,0,0,0,0,0,0,0,0,0,0,0,0,0,0,0,0,0,0,0,0,0,0,0,0,0,0,0,0,null,null,null,null,null,null,null,0,
14255100,バイク（赤）,14250000,MACHINE_RIDE_4,1,1,1,0,0,0,1,1,1,1,1,1,1,1,1,320,0,0,450,49,49,STAB,43,43,37,26,18,10,43,24,13,28,15,14,21,4,120,1,150,130,1,0,0,0,0,0,0,0,150,0,50,0,150,0,50,0,150,41,100,0,0,0,0,0,0,0,0,0,0,41,100,0,0,0,0,0,0,0,0,0,0,0,0,0,0,0,0,0,0,0,0,0,0,0,0,0,0,0,0,0,null,null,null,null,null,null,null,0,
14255200,バイク（黒）,14250000,MACHINE_RIDE_4,1,1,1,0,0,0,1,1,1,1,1,1,1,1,1,320,0,0,450,49,49,STAB,43,43,37,26,18,10,43,24,13,28,15,14,21,4,120,1,150,130,1,0,0,0,0,0,0,0,150,0,50,0,150,0,50,0,150,41,100,0,0,0,0,0,0,0,0,0,0,41,100,0,0,0,0,0,0,0,0,0,0,0,0,0,0,0,0,0,0,0,0,0,0,0,0,0,0,0,0,0,null,null,null,null,null,null,null,0,
14255300,バイク（白）,14250000,MACHINE_RIDE_4,1,1,1,0,0,0,1,1,1,1,1,1,1,1,1,320,0,0,450,49,49,STAB,43,43,37,26,18,10,43,24,13,28,15,14,21,4,120,1,150,130,1,0,0,0,0,0,0,0,150,0,50,0,150,0,50,0,150,41,100,0,0,0,0,0,0,0,0,0,0,41,100,0,0,0,0,0,0,0,0,0,0,0,0,0,0,0,0,0,0,0,0,0,0,0,0,0,0,0,0,0,null,null,null,null,null,null,null,0,
14255400,バイク（緑）,14250000,MACHINE_RIDE_4,1,1,1,0,0,0,1,1,1,1,1,1,1,1,1,320,0,0,450,49,49,STAB,43,43,37,26,18,10,43,24,13,28,15,14,21,4,120,1,150,130,1,0,0,0,0,0,0,0,150,0,50,0,150,0,50,0,150,41,100,0,0,0,0,0,0,0,0,0,0,41,100,0,0,0,0,0,0,0,0,0,0,0,0,0,0,0,0,0,0,0,0,0,0,0,0,0,0,0,0,0,null,null,null,null,null,null,null,0,
14255500,バイク（黄色）,14250000,MACHINE_RIDE_4,1,1,1,0,0,0,1,1,1,1,1,1,1,1,1,320,0,0,450,49,49,STAB,43,43,37,26,18,10,43,24,13,28,15,14,21,4,120,1,150,130,1,0,0,0,0,0,0,0,150,0,50,0,150,0,50,0,150,41,100,0,0,0,0,0,0,0,0,0,0,41,100,0,0,0,0,0,0,0,0,0,0,0,0,0,0,0,0,0,0,0,0,0,0,0,0,0,0,0,0,0,null,null,null,null,null,null,null,0,
14255600,バイク（ピンク）,14250000,MACHINE_RIDE_4,1,1,1,0,0,0,1,1,1,1,1,1,1,1,1,320,0,0,450,49,49,STAB,43,43,37,26,18,10,43,24,13,28,15,14,21,4,120,1,150,130,1,0,0,0,0,0,0,0,150,0,50,0,150,0,50,0,150,41,100,0,0,0,0,0,0,0,0,0,0,41,100,0,0,0,0,0,0,0,0,0,0,0,0,0,0,0,0,0,0,0,0,0,0,0,0,0,0,0,0,0,null,null,null,null,null,null,null,0,
14255700,バイク（オレンジ）,14250000,MACHINE_RIDE_4,1,1,1,0,0,0,1,1,1,1,1,1,1,1,1,320,0,0,450,49,49,STAB,43,43,37,26,18,10,43,24,13,28,15,14,21,4,120,1,150,130,1,0,0,0,0,0,0,0,150,0,50,0,150,0,50,0,150,41,100,0,0,0,0,0,0,0,0,0,0,41,100,0,0,0,0,0,0,0,0,0,0,0,0,0,0,0,0,0,0,0,0,0,0,0,0,0,0,0,0,0,null,null,null,null,null,null,null,0,
14256000,インペリアルバイク,14256000,MACHINE_RIDE_4,1,1,1,0,0,0,1,1,1,1,1,1,1,1,1,320,0,0,450,49,49,STAB,43,43,37,26,18,10,43,24,13,28,15,14,21,4,120,1,150,130,1,0,0,0,0,0,0,0,150,0,50,0,150,0,50,0,150,41,100,0,0,0,0,0,0,0,0,0,0,41,100,0,0,0,0,0,0,0,0,0,0,0,0,0,0,0,0,0,0,0,0,0,0,0,0,0,0,0,0,0,null,null,null,null,null,null,null,0,
14256001,インペリアルバイク（赤）,14256001,MACHINE_RIDE_4,1,1,1,0,0,0,1,1,1,1,1,1,1,1,1,1,0,0,500,49,49,STAB,43,43,37,26,18,10,43,24,13,40,40,40,30,10,120,1,150,130,1,0,0,0,0,0,0,0,150,0,50,0,150,0,50,0,150,41,100,0,0,0,0,0,0,0,0,0,0,41,100,0,0,0,0,0,0,0,0,0,0,0,0,0,0,0,0,0,0,0,0,0,0,0,0,0,0,0,0,0,null,null,null,null,null,null,null,0,
14340000,くるくるティータイム,14340000,MACHINE_RIDE_4,1,1,1,0,0,0,1,1,1,1,1,1,1,1,1,320,0,0,450,49,49,STAB,43,43,37,26,18,10,43,24,13,28,15,14,21,4,120,1,150,130,1,0,0,0,0,0,0,0,150,0,50,0,150,0,50,0,150,41,100,0,0,0,0,0,0,0,0,0,0,41,100,0,0,0,0,0,0,0,0,0,0,0,0,0,0,0,0,0,0,0,0,0,0,0,0,0,0,0,0,0,null,null,null,null,null,null,null,0,
14350100,ピッグー,14350000,ANIMAL_52,1,1,1,0,0,0,1,1,1,1,1,1,1,1,1,450,0,0,350,46,46,STAB,12,12,26,17,15,10,30,10,35,20,25,20,15,5,100,1,80,200,1,0,0,0,0,0,0,0,150,0,50,0,150,0,50,0,150,41,100,0,0,0,0,0,0,0,0,0,0,41,100,0,0,0,0,0,0,0,0,0,0,0,0,0,0,0,0,0,0,0,0,0,0,0,0,0,0,0,0,0,null,null,null,null,null,null,null,0,
14360000,パンダ,14360000,ANIMAL_RIDE_4,1,1,1,0,0,0,1,1,1,1,1,1,1,1,1,320,0,0,450,49,49,STAB,43,43,37,26,18,10,43,24,13,28,15,14,21,4,120,1,150,130,1,0,0,0,0,0,0,0,150,0,50,0,150,0,50,0,150,41,100,0,0,0,0,0,0,0,0,0,0,41,100,0,0,0,0,0,0,0,0,0,0,0,0,0,0,0,0,0,0,0,0,0,0,0,0,0,0,0,0,0,null,null,null,null,null,null,null,0,
14370000,ネコマタ（黒）,14370000,MAGIC_CREATURE_48,1,1,1,1,0,0,1,1,1,1,1,1,1,1,1,240,0,0,400,10,10,BLOW,30,30,3,6,10,16,34,20,100,60,20,120,20,20,100,1,200,200,1,0,0,0,0,0,0,0,80,80,80,50,50,50,50,80,50,40,100,0,0,0,0,0,0,0,0,0,0,40,100,0,0,0,0,0,0,0,0,0,0,0,0,0,0,0,0,0,0,0,0,0,0,0,0,0,0,0,0,0,null,null,null,null,null,null,null,0,
14380000,ネコマタ（白）,14380000,MAGIC_CREATURE_47,1,1,1,1,0,0,1,1,1,1,1,1,1,1,1,240,0,0,400,10,10,BLOW,30,30,3,6,10,16,34,20,100,60,20,120,20,20,100,1,200,200,1,0,0,0,0,0,0,0,80,80,80,50,50,50,50,80,50,40,100,0,0,0,0,0,0,0,0,0,0,40,100,0,0,0,0,0,0,0,0,0,0,0,0,0,0,0,0,0,0,0,0,0,0,0,0,0,0,0,0,0,null,null,null,null,null,null,null,0,
14390000,おとぎの国の白馬,14390000,ANIMAL_RIDE_4,1,1,1,0,0,0,1,1,1,1,1,1,1,1,1,320,0,0,450,49,49,STAB,43,43,37,26,18,10,43,24,13,28,15,14,21,4,120,1,150,130,1,0,0,0,0,0,0,0,150,0,50,0,150,0,50,0,150,41,100,0,0,0,0,0,0,0,0,0,0,41,100,0,0,0,0,0,0,0,0,0,0,0,0,0,0,0,0,0,0,0,0,0,0,0,0,0,0,0,0,0,null,null,null,null,null,null,null,0,
14395000,騎士の愛馬,14395000,ANIMAL_RIDE_4,1,1,1,0,0,0,1,1,1,1,1,1,1,1,1,320,0,0,450,49,49,STAB,43,43,37,26,18,10,43,24,13,28,15,14,21,4,120,1,150,130,1,0,0,0,0,0,0,0,150,0,50,0,150,0,50,0,150,41,100,0,0,0,0,0,0,0,0,0,0,41,100,0,0,0,0,0,0,0,0,0,0,0,0,0,0,0,0,0,0,0,0,0,0,0,0,0,0,0,0,0,null,null,null,null,null,null,null,0,
14420000,みんなのマネージャー,14420000,HUMAN_38,1,1,1,0,0,0,1,1,1,1,1,1,1,1,1,300,0,0,450,30,42,BLOW,30,44,33,12,30,15,32,20,35,20,10,21,15,5,120,1,130,200,1,0,0,0,0,0,0,0,70,70,70,70,70,70,70,70,70,41,100,0,0,0,0,0,0,0,0,0,0,41,100,0,0,0,0,0,0,0,0,0,0,6443,0,0,0,0,0,0,0,0,0,0,0,0,0,0,0,0,0,0,null,null,null,null,null,null,null,0,
14430000,ルイーザ,14430000,HUMAN_39,1,1,1,0,0,0,1,1,1,1,1,1,1,1,1,350,0,0,450,32,40,BLOW,45,55,20,12,30,15,32,20,35,20,10,21,15,5,100,1,100,200,1,0,0,0,0,0,0,0,70,70,70,70,70,70,70,70,70,41,100,0,0,0,0,0,0,0,0,0,0,41,100,0,0,0,0,0,0,0,0,0,0,0,0,0,0,0,0,0,0,0,0,0,0,0,0,0,0,0,0,0,null,null,null,null,null,null,null,0,
14440000,超絶合体エレキテル,14440000,MACHINE_RIDE_4,1,1,1,0,0,0,1,1,1,1,1,1,1,1,1,320,0,0,450,49,49,STAB,43,43,37,26,18,10,43,24,13,28,15,14,21,4,120,1,150,130,1,0,0,0,0,0,0,0,150,0,50,0,150,0,50,0,150,41,100,0,0,0,0,0,0,0,0,0,0,41,100,0,0,0,0,0,0,0,0,0,0,0,0,0,0,0,0,0,0,0,0,0,0,0,0,0,0,0,0,0,null,null,null,null,null,null,null,0,
14490000,暁の白鰐丸,14490000,MACHINE_RIDE_4,1,1,1,0,0,0,1,1,1,1,1,1,1,1,1,320,0,0,450,49,49,STAB,43,43,37,26,18,10,43,24,13,28,15,14,21,4,120,1,150,130,1,0,0,0,0,0,0,0,150,0,50,0,150,0,50,0,150,41,100,0,0,0,0,0,0,0,0,0,0,41,100,0,0,0,0,0,0,0,0,0,0,0,0,0,0,0,0,0,0,0,0,0,0,0,0,0,0,0,0,0,null,null,null,null,null,null,null,0,
14500000,波乗りサーフボード,14500000,ANIMAL_RIDE_4,1,1,1,0,0,0,1,1,1,1,1,1,1,1,1,320,0,0,450,49,49,STAB,43,43,37,26,18,10,43,24,13,28,15,14,21,4,120,1,150,130,1,0,0,0,0,0,0,0,150,0,50,0,150,0,50,0,150,41,100,0,0,0,0,0,0,0,0,0,0,41,100,0,0,0,0,0,0,0,0,0,0,0,0,0,0,0,0,0,0,0,0,0,0,0,0,0,0,0,0,0,null,null,null,null,null,null,null,0,
14500050,波乗りサーフボード☆,14500050,ANIMAL_RIDE_4,1,1,1,0,0,0,1,1,1,1,1,1,1,1,1,320,0,0,450,49,49,STAB,43,43,37,26,18,10,43,24,13,28,15,14,21,4,120,1,150,130,1,0,0,0,0,0,0,0,150,0,50,0,150,0,50,0,150,41,100,0,0,0,0,0,0,0,0,0,0,41,100,0,0,0,0,0,0,0,0,0,0,0,0,0,0,0,0,0,0,0,0,0,0,0,0,0,0,0,0,0,null,null,null,null,null,null,null,0,
14510000,ドクロベェさま,14510000,MACHINE_RIDE_40,1,1,1,1,0,0,1,1,1,1,1,1,1,1,1,400,0,0,500,28,28,STAB,45,45,30,20,25,15,35,15,35,45,20,20,25,6,100,1,200,200,1,0,0,0,0,0,0,0,50,80,80,80,50,50,50,50,80,40,100,0,0,0,0,0,0,0,0,0,0,40,100,0,0,0,0,0,0,0,0,0,0,0,0,0,0,0,0,0,0,0,0,0,0,0,0,0,0,0,0,0,null,null,null,null,null,null,null,0,
14590100,ユニコーンの馬車,14590100,HUMAN_RIDE_4,1,1,1,0,0,0,1,1,1,1,1,1,1,1,1,320,0,0,450,49,49,STAB,43,43,37,26,18,10,43,24,13,28,15,14,21,4,120,1,150,130,1,0,0,0,0,0,0,0,100,0,50,0,50,50,50,100,150,41,100,0,0,0,0,0,0,0,0,0,0,41,100,0,0,0,0,0,0,0,0,0,0,0,0,0,0,0,0,0,0,0,0,0,0,0,0,0,0,0,0,0,null,null,null,null,null,null,null,0,
14610000,浪漫の人力車,14610000,HUMAN_RIDE_4,1,1,1,0,0,0,1,1,1,1,1,1,1,1,1,320,0,0,450,49,49,STAB,43,43,37,26,18,10,43,24,13,28,15,14,21,4,120,1,150,130,1,0,0,0,0,0,0,0,100,0,50,0,50,50,50,100,150,41,100,0,0,0,0,0,0,0,0,0,0,41,100,0,0,0,0,0,0,0,0,0,0,0,0,0,0,0,0,0,0,0,0,0,0,0,0,0,0,0,0,0,null,null,null,null,null,null,null,0,
14610001,浪漫の人力車☆,14610001,HUMAN_RIDE_4,1,1,1,0,0,0,1,1,1,1,1,1,1,1,1,320,0,0,450,49,49,STAB,43,43,37,26,18,10,43,24,13,28,15,14,21,4,120,1,150,130,1,0,0,0,0,0,0,0,100,0,50,0,50,50,50,100,150,41,100,0,0,0,0,0,0,0,0,0,0,41,100,0,0,0,0,0,0,0,0,0,0,0,0,0,0,0,0,0,0,0,0,0,0,0,0,0,0,0,0,0,null,null,null,null,null,null,null,0,
14610100,田舎道の手車,14610100,HUMAN_RIDE_4,1,1,1,0,0,0,1,1,1,1,1,1,1,1,1,320,0,0,450,49,49,STAB,43,43,37,26,18,10,43,24,13,28,15,14,21,4,120,1,150,130,1,0,0,0,0,0,0,0,100,0,50,0,50,50,50,100,150,41,100,0,0,0,0,0,0,0,0,0,0,41,100,0,0,0,0,0,0,0,0,0,0,0,0,0,0,0,0,0,0,0,0,0,0,0,0,0,0,0,0,0,null,null,null,null,null,null,null,0,
14620000,戦車,14620000,MACHINE_RIDE_4,1,1,1,0,0,0,1,1,1,1,1,1,1,1,1,320,0,0,450,49,49,STAB,43,43,37,26,18,10,43,24,13,28,15,14,21,4,120,1,150,130,3,0,0,0,0,0,0,0,100,0,50,0,50,50,50,100,150,41,100,0,0,0,0,0,0,0,0,0,0,41,100,0,0,0,0,0,0,0,0,0,0,0,0,0,0,0,0,0,0,0,0,0,0,0,0,0,0,0,0,0,null,null,null,null,null,null,null,1,
14730000,オフロードバギー,14730000,MACHINE_RIDE_4,1,1,1,0,0,0,1,1,1,1,1,1,1,1,1,320,0,0,450,49,49,STAB,43,43,37,26,18,10,43,24,13,28,15,14,21,4,120,1,150,130,1,0,0,0,0,0,0,0,100,0,50,0,50,50,50,100,150,41,100,0,0,0,0,0,0,0,0,0,0,41,100,0,0,0,0,0,0,0,0,0,0,0,0,0,0,0,0,0,0,0,0,0,0,0,0,0,0,0,0,0,null,null,null,null,null,null,null,0,
14750000,夢見のイルカ,14750000,ANIMAL_RIDE_4,1,1,1,0,0,0,1,1,1,1,1,1,1,1,1,320,0,0,450,49,49,STAB,43,43,37,26,18,10,43,24,13,28,15,14,21,4,120,1,150,130,1,0,0,0,0,0,0,0,100,0,50,0,50,50,50,100,150,41,100,0,0,0,0,0,0,0,0,0,0,41,100,0,0,0,0,0,0,0,0,0,0,0,0,0,0,0,0,0,0,0,0,0,0,0,0,0,0,0,0,0,null,null,null,null,null,null,null,0,
14755000,夢見のイルカ（黒）,14755000,ANIMAL_RIDE_4,1,1,1,0,0,0,1,1,1,1,1,1,1,1,1,320,0,0,450,49,49,STAB,43,43,37,26,18,10,43,24,13,28,15,14,21,4,120,1,150,130,1,0,0,0,0,0,0,0,100,0,50,0,50,50,50,100,150,41,100,0,0,0,0,0,0,0,0,0,0,41,100,0,0,0,0,0,0,0,0,0,0,0,0,0,0,0,0,0,0,0,0,0,0,0,0,0,0,0,0,0,null,null,null,null,null,null,null,0,
14756000,シャチフロート,14756000,ANIMAL_RIDE_4,1,1,1,0,0,0,1,1,1,1,1,1,1,1,1,320,0,0,450,49,49,STAB,43,43,37,26,18,10,43,24,13,28,15,14,21,4,120,1,150,130,1,0,0,0,0,0,0,0,100,0,50,0,50,50,50,100,150,41,100,0,0,0,0,0,0,0,0,0,0,41,100,0,0,0,0,0,0,0,0,0,0,0,0,0,0,0,0,0,0,0,0,0,0,0,0,0,0,0,0,0,null,null,null,null,null,null,null,0,
14760000,ネコマタ（ミケ）,14760000,MAGIC_CREATURE_49,1,1,1,1,0,0,1,1,1,1,1,1,1,1,1,240,0,0,400,10,10,BLOW,30,30,3,6,10,16,34,20,100,60,20,120,20,20,100,1,200,200,1,0,0,0,0,0,0,0,80,80,80,50,50,50,50,80,50,40,100,0,0,0,0,0,0,0,0,0,0,40,100,0,0,0,0,0,0,0,0,0,0,0,0,0,0,0,0,0,0,0,0,0,0,0,0,0,0,0,0,0,null,null,null,null,null,null,null,0,
14780000,召喚獣・銀狼,14780000,ANIMAL_RIDE_4,1,1,1,0,0,0,1,1,1,1,1,1,1,1,1,320,0,0,450,49,49,STAB,43,43,37,26,18,10,43,24,13,28,15,14,21,4,120,1,150,130,1,0,0,0,0,0,0,0,100,0,50,0,50,50,50,100,150,41,100,0,0,0,0,0,0,0,0,0,0,41,100,0,0,0,0,0,0,0,0,0,0,0,0,0,0,0,0,0,0,0,0,0,0,0,0,0,0,0,0,0,null,null,null,null,null,null,null,0,
14790000,しゅごキャラヨル,14790000,MAGIC_CREATURE_51,1,1,0.8,1,0,0,1,1,1,1,1,1,1,1,1,240,0,0,400,10,10,BLOW,30,30,3,6,10,16,34,20,100,60,20,120,20,20,100,1,200,200,1,0,0,0,0,0,0,0,80,80,80,50,50,50,50,80,50,40,100,0,0,0,0,0,0,0,0,0,0,40,100,0,0,0,0,0,0,0,0,0,0,0,0,0,0,0,0,0,0,0,0,0,0,0,0,0,0,0,0,0,null,null,null,null,null,null,null,0,
14800000,コウモリブランコ,14800000,MAGIC_CREATURE_RIDE_4,1,1,1,0,0,0,1,1,1,1,1,1,1,1,1,320,0,0,450,49,49,STAB,43,43,37,26,18,10,30,25,20,28,15,14,30,4,120,1,150,130,1,0,0,0,0,0,0,0,150,0,50,0,150,0,50,0,150,41,100,0,0,0,0,0,0,0,0,0,0,41,100,0,0,0,0,0,0,0,0,0,0,0,0,0,0,0,0,0,0,0,0,0,0,0,0,0,0,0,0,0,null,null,null,null,null,null,null,0,
14810000,ネコマタ（トラ）,14810000,MAGIC_CREATURE_50,1,1,1,1,0,0,1,1,1,1,1,1,1,1,1,240,0,0,400,10,10,BLOW,30,30,3,6,10,16,34,20,100,60,20,120,20,20,100,1,200,200,1,0,0,0,0,0,0,0,80,80,80,50,50,50,50,80,50,40,100,0,0,0,0,0,0,0,0,0,0,40,100,0,0,0,0,0,0,0,0,0,0,0,0,0,0,0,0,0,0,0,0,0,0,0,0,0,0,0,0,0,null,null,null,null,null,null,null,0,
14820000,ウィングトラック,14820000,MACHINE_RIDE_4,1,1,1,0,0,0,1,1,1,1,1,1,1,1,1,320,0,0,450,49,49,STAB,43,43,37,26,18,10,43,24,13,28,15,14,21,4,120,1,150,130,4,0,0,0,0,0,0,0,100,0,50,0,50,50,50,100,150,41,100,0,0,0,0,0,0,0,0,0,0,41,100,0,0,0,0,0,0,0,0,0,0,0,0,0,0,0,0,0,0,0,0,0,0,0,0,0,0,0,0,0,null,null,null,null,null,null,null,0,
14830000,夢境のゴンドラ,14830000,MAGIC_CREATURE_RIDE_4,1,1,1,0,0,0,1,1,1,1,1,1,1,1,1,320,0,0,450,49,49,SLASH,43,43,37,26,18,10,43,24,13,28,15,14,21,4,120,1,150,130,1,0,0,0,0,0,0,0,150,0,50,0,150,0,50,0,150,41,100,0,0,0,0,0,0,0,0,0,0,41,100,0,0,0,0,0,0,0,0,0,0,0,0,0,0,0,0,0,0,0,0,0,0,0,0,0,0,0,0,0,null,null,null,null,null,null,null,0,
14900000,オートマタ（アメジスト）,14900000,MAGIC_CREATURE_53,1,1,1,1,0,0,1,1,1,1,1,1,1,1,1,240,0,0,400,10,10,BLOW,30,30,3,6,10,16,34,20,100,60,20,120,20,20,100,1,200,200,3,0,0,0,0,0,0,0,80,80,80,50,50,50,50,80,50,40,100,0,0,0,0,0,0,0,0,0,0,40,100,0,0,0,0,0,0,0,0,0,0,0,0,0,0,0,0,0,0,0,0,0,0,0,0,0,0,0,0,0,null,null,null,null,null,null,null,0,
14910000,宙飛ぶ南京錠,14500000,MAGIC_CREATURE_RIDE_4,1,1,1,0,0,0,1,1,1,1,1,1,1,1,1,320,0,0,450,49,49,STAB,43,43,37,26,18,10,43,24,13,28,15,14,21,4,120,1,150,130,1,0,0,0,0,0,0,0,150,0,50,0,150,0,50,0,150,41,100,0,0,0,0,0,0,0,0,0,0,41,100,0,0,0,0,0,0,0,0,0,0,0,0,0,0,0,0,0,0,0,0,0,0,0,0,0,0,0,0,0,null,null,null,null,null,null,null,0,
14920000,くろみつさぶろう,14920000,ANIMAL_6,1,1,1,0,0,0,1,1,1,1,1,1,1,1,1,400,0,0,500,42,42,SLASH,11,11,32,14,10,10,35,12,39,50,24,18,20,6,100,1,200,200,1,0,0,0,0,0,0,0,50,50,50,50,50,50,50,50,50,41,100,0,0,0,0,0,0,0,0,0,0,41,100,0,0,0,0,0,0,0,0,0,0,6301,0,6303,0,6305,0,0,0,0,0,0,0,0,0,0,0,0,0,0,null,null,null,null,null,null,null,0,
14930000,青春☆自転車,14930000,MACHINE_RIDE_4,1,1,1,0,0,0,1,1,1,1,1,1,1,1,1,320,0,0,450,49,49,STAB,43,43,37,26,18,10,43,24,13,28,15,14,21,4,120,1,150,130,1,0,0,0,0,0,0,0,150,0,50,0,150,0,50,0,150,41,100,0,0,0,0,0,0,0,0,0,0,41,100,0,0,0,0,0,0,0,0,0,0,0,0,0,0,0,0,0,0,0,0,0,0,0,0,0,0,0,0,0,null,null,null,null,null,null,null,0,
14930001,伝書鳩の自転車,14930001,MACHINE_RIDE_4,1,1,1,0,0,0,1,1,1,1,1,1,1,1,1,320,0,0,450,49,49,STAB,43,43,37,26,18,10,43,24,13,28,15,14,21,4,120,1,150,130,1,0,0,0,0,0,0,0,150,0,50,0,150,0,50,0,150,41,100,0,0,0,0,0,0,0,0,0,0,41,100,0,0,0,0,0,0,0,0,0,0,0,0,0,0,0,0,0,0,0,0,0,0,0,0,0,0,0,0,0,null,null,null,null,null,null,null,0,
14940000,オートマタ（ルビー）,14940000,MAGIC_CREATURE_54,1,1,1,1,0,0,1,1,1,1,1,1,1,1,1,350,0,0,400,50,55,BLOW,30,30,15,10,10,16,50,20,100,70,25,120,45,30,100,1,200,200,1,0,0,0,0,0,0,0,80,80,80,50,50,50,50,80,50,40,100,0,0,0,0,0,0,0,0,0,0,40,100,0,0,0,0,0,0,0,0,0,0,0,0,0,0,0,0,0,0,0,0,0,0,0,0,0,0,0,0,0,null,null,null,null,null,null,null,0,
14950000,みんなのナース,14950000,HUMAN_55,1,1,1,0,0,0,1,1,1,1,1,1,1,1,1,300,0,0,450,30,42,BLOW,30,44,33,12,30,15,32,20,35,20,10,21,15,5,120,1,130,200,1,0,0,0,0,0,0,0,70,70,70,70,70,70,70,70,70,41,100,0,0,0,0,0,0,0,0,0,0,41,100,0,0,0,0,0,0,0,0,0,0,0,0,0,0,0,0,0,0,0,0,0,0,0,0,0,0,0,0,0,null,null,null,null,null,null,null,0,
14950050,みんなの新米ナース,14950050,HUMAN_55,1,1,1,0,0,0,1,1,1,1,1,1,1,1,1,300,0,0,450,30,42,BLOW,30,44,33,12,30,15,32,20,35,20,10,21,15,5,120,1,130,200,1,0,0,0,0,0,0,0,70,70,70,70,70,70,70,70,70,41,100,0,0,0,0,0,0,0,0,0,0,41,100,0,0,0,0,0,0,0,0,0,0,0,0,0,0,0,0,0,0,0,0,0,0,0,0,0,0,0,0,0,null,null,null,null,null,null,null,0,
14960000,オートマタ（トパーズ）,14960000,MAGIC_CREATURE_56,1,1,1,1,0,0,1,1,1,1,1,1,1,1,1,400,0,0,400,5,5,BLOW,40,45,20,25,55,20,45,20,100,15,10,125,55,25,100,1,200,200,1,0,0,0,0,0,0,0,80,80,80,50,50,50,50,80,50,40,100,0,0,0,0,0,0,0,0,0,0,40,100,0,0,0,0,0,0,0,0,0,0,0,0,0,0,0,0,0,0,0,0,0,0,0,0,0,0,0,0,0,null,null,null,null,null,null,null,0,
14970000,ナイトの騎馬,14397000,ANIMAL_RIDE_4,1,1,1,0,0,0,1,1,1,1,1,1,1,1,1,320,0,0,450,49,49,STAB,43,43,37,26,18,10,43,24,13,28,15,14,21,4,120,1,150,130,1,0,0,0,0,0,0,0,150,0,50,0,150,0,50,0,150,41,100,0,0,0,0,0,0,0,0,0,0,41,100,0,0,0,0,0,0,0,0,0,0,0,0,0,0,0,0,0,0,0,0,0,0,0,0,0,0,0,0,0,null,null,null,null,null,null,null,0,
14990000,太陽の祭器 ,14990000,HUMAN_4,1,1,1,0,0,0,1,1,1,1,1,1,1,1,1,1,1,1,380,49,79,BLOW,43,43,37,26,18,10,43,24,13,100,100,40,30,10,120,1,150,130,1,0,0,0,0,0,0,0,150,0,50,0,150,0,50,0,150,41,100,0,0,0,0,0,0,0,0,0,0,41,100,0,0,0,0,0,0,0,0,0,0,0,0,0,0,0,0,0,0,0,0,0,0,0,0,0,0,0,0,0,null,null,null,null,null,null,null,0,
14990001,勝利のボール,14990001,HUMAN_4,1,1,1,0,0,0,1,1,1,1,1,1,1,1,1,100,0,0,390,15,15,BLOW,12,12,10,20,25,17,12,8,27,3,3,15,30,30,110,1,150,120,1,0,0,0,0,0,0,0,150,50,50,0,150,150,50,50,50,41,100,0,0,0,0,0,0,0,0,0,0,41,100,0,0,0,0,0,0,0,0,0,0,0,0,0,0,0,0,0,0,0,0,0,0,0,0,0,0,0,0,0,null,null,null,null,null,null,null,0,
15000000,ケット・シー,15000000,ANIMAL_RIDE_4,1,1,1,0,0,0,1,1,1,1,1,1,1,1,1,420,0,0,450,49,49,STAB,43,43,37,26,18,10,30,25,20,28,15,14,30,4,120,1,150,130,1,0,0,0,0,0,0,0,150,0,50,0,150,0,50,0,150,41,100,0,0,0,0,0,0,0,0,0,0,41,100,0,0,0,0,0,0,0,0,0,0,0,0,0,0,0,0,0,0,0,0,0,0,0,0,0,0,0,0,0,null,null,null,null,null,null,null,0,
15010000,カムイ,15010000,HUMAN_58_MASTERLV,1,1,1,0,0,0,1,1,1,1,1,1,1,1,1,3850,0,0,420,200,266,SLASH,140,160,225,25,175,15,192,130,170,180,120,130,55,34,110,50,200,120,1,0,0,0,0,0,0,0,150,50,50,100,150,150,50,50,100,41,100,0,0,0,0,0,0,0,0,0,0,41,100,0,0,0,0,0,0,0,0,0,0,0,0,0,0,0,0,0,0,0,0,0,0,0,0,0,0,0,0,0,null,null,null,null,null,null,null,0,
15020000,リゼル,15020000,HUMAN_59_MASTERLV,1,1,1,0,0,0,1,1,1,1,1,1,1,1,1,4000,0,0,420,180,253,STAB,145,168,235,30,183,20,185,128,180,170,100,134,50,38,110,50,180,120,1,0,0,0,0,0,0,0,150,50,50,100,150,150,50,50,100,41,100,0,0,0,0,0,0,0,0,0,0,41,100,0,0,0,0,0,0,0,0,0,0,0,0,0,0,0,0,0,0,0,0,0,0,0,0,0,0,0,0,0,null,null,null,null,null,null,null,0,
15030000,テリア,15030000,HUMAN_60_MASTERLV,1,1,1,0,0,0,1,1,1,1,1,1,1,1,1,3400,0,0,420,168,244,SLASH,135,155,210,22,165,12,190,133,168,196,130,128,53,44,110,50,220,120,1,0,0,0,0,0,0,0,150,50,50,100,150,150,50,50,100,41,100,0,0,0,0,0,0,0,0,0,0,41,100,0,0,0,0,0,0,0,0,0,0,0,0,0,0,0,0,0,0,0,0,0,0,0,0,0,0,0,0,0,null,null,null,null,null,null,null,0,
15040000,キーノ,15040000,HUMAN_61_MASTERLV,1,1,1,0,0,0,1,1,1,1,1,1,1,1,1,3580,0,0,420,185,254,STAB,132,150,215,24,160,10,180,132,165,197,134,125,52,37,110,50,230,120,1,0,0,0,0,0,0,0,150,50,50,100,150,150,50,50,100,41,100,0,0,0,0,0,0,0,0,0,0,41,100,0,0,0,0,0,0,0,0,0,0,0,0,0,0,0,0,0,0,0,0,0,0,0,0,0,0,0,0,0,null,null,null,null,null,null,null,0,
15050000,ツバキ,15050000,HUMAN_62_MASTERLV,1,1,1,0,0,0,1,1,1,1,1,1,1,1,1,3680,0,0,420,198,260,BLOW,144,167,200,28,153,14,171,128,155,164,113,129,60,29,110,50,175,120,1,0,0,0,0,0,0,0,150,50,50,100,150,150,50,50,100,41,100,0,0,0,0,0,0,0,0,0,0,41,100,0,0,0,0,0,0,0,0,0,0,0,0,0,0,0,0,0,0,0,0,0,0,0,0,0,0,0,0,0,null,null,null,null,null,null,null,0,
15060000,カノン,15060000,HUMAN_63_MASTERLV,1,1,1,0,0,0,1,1,1,1,1,1,1,1,1,3360,0,0,420,189,257,BLOW,146,168,205,21,155,10,170,130,156,167,118,130,58,26,110,50,180,120,1,0,0,0,0,0,0,0,150,50,50,100,150,150,50,50,100,41,100,0,0,0,0,0,0,0,0,0,0,41,100,0,0,0,0,0,0,0,0,0,0,0,0,0,0,0,0,0,0,0,0,0,0,0,0,0,0,0,0,0,null,null,null,null,null,null,null,0,
15070000,ヨシュア,15070000,HUMAN_64_MASTERLV,1,1,1,0,0,0,1,1,1,1,1,1,1,1,1,4100,0,0,420,180,255,STAB,145,167,237,32,185,23,183,131,178,168,105,135,51,41,110,50,180,120,2,0,0,0,0,0,0,0,150,50,50,100,150,150,50,50,100,41,100,0,0,0,0,0,0,0,0,0,0,41,100,0,0,0,0,0,0,0,0,0,0,0,0,0,0,0,0,0,0,0,0,0,0,0,0,0,0,0,0,0,null,null,null,null,null,null,null,0,
15080000,レネット,15080000,HUMAN_65_MASTERLV,1,1,1,0,0,0,1,1,1,1,1,1,1,1,1,2980,0,0,420,140,220,BLOW,255,271,180,17,165,27,164,124,197,123,98,139,40,27,110,50,160,200,1,0,0,0,0,0,0,0,150,50,50,100,150,150,50,50,100,41,100,0,0,0,0,0,0,0,0,0,0,41,100,0,0,0,0,0,0,0,0,0,0,0,0,0,0,0,0,0,0,0,0,0,0,0,0,0,0,0,0,0,null,null,null,null,null,null,null,0,
15090000,ソレイユ,15090000,HUMAN_66_MASTERLV,1,1,1,0,0,0,1,1,1,1,1,1,1,1,1,3150,0,0,420,175,240,STAB,150,172,207,29,154,19,155,205,126,143,148,126,53,35,110,50,200,120,5,0,0,0,0,0,0,0,150,50,50,100,150,150,50,50,100,41,100,0,0,0,0,0,0,0,0,0,0,41,100,0,0,0,0,0,0,0,0,0,0,0,0,0,0,0,0,0,0,0,0,0,0,0,0,0,0,0,0,0,null,null,null,null,null,null,null,0,
15100000,グリヴァー,15100000,HUMAN_67_MASTERLV,1,1,1,0,0,0,1,1,1,1,1,1,1,1,1,3230,0,0,420,178,243,STAB,150,170,209,30,156,17,158,202,118,147,150,127,57,28,110,50,200,120,5,0,0,0,0,0,0,0,150,50,50,100,150,150,50,50,100,41,100,0,0,0,0,0,0,0,0,0,0,41,100,0,0,0,0,0,0,0,0,0,0,0,0,0,0,0,0,0,0,0,0,0,0,0,0,0,0,0,0,0,null,null,null,null,null,null,null,0,
15110000,プリーシュ,15110000,HUMAN_68_MASTERLV,1,1,1,0,0,0,1,1,1,1,1,1,1,1,1,3120,0,0,420,180,252,BLOW,158,169,211,23,147,20,181,138,121,157,132,131,59,38,110,50,215,120,2,0,0,0,0,0,0,0,150,50,50,100,150,150,50,50,100,41,100,0,0,0,0,0,0,0,0,0,0,41,100,0,0,0,0,0,0,0,0,0,0,0,0,0,0,0,0,0,0,0,0,0,0,0,0,0,0,0,0,0,null,null,null,null,null,null,null,0,
15120000,フロール,15120000,HUMAN_69_MASTERLV,1,1,1,0,0,0,1,1,1,1,1,1,1,1,1,2890,0,0,420,138,220,BLOW,255,273,182,16,167,25,163,122,198,124,99,138,40,27,110,50,170,200,2,0,0,0,0,0,0,0,150,50,50,100,150,150,50,50,100,41,100,0,0,0,0,0,0,0,0,0,0,41,100,0,0,0,0,0,0,0,0,0,0,0,0,0,0,0,0,0,0,0,0,0,0,0,0,0,0,0,0,0,null,null,null,null,null,null,null,0,
15200000,ハネムーン気球,15200000,MAGIC_CREATURE_RIDE_4,1,1,1,0,0,0,1,1,1,1,1,1,1,1,1,320,0,0,475,49,49,STAB,43,43,37,26,18,10,30,25,20,28,15,14,30,4,120,1,150,130,1,0,0,0,0,0,0,0,150,0,50,0,150,0,50,0,150,41,100,0,0,0,0,0,0,0,0,0,0,41,100,0,0,0,0,0,0,0,0,0,0,0,0,0,0,0,0,0,0,0,0,0,0,0,0,0,0,0,0,0,null,null,null,null,null,null,null,0,
15210000,きらめく流星群,15210000,MAGIC_CREATURE_RIDE_4,1,1,1,0,0,0,1,1,1,1,1,1,1,1,1,320,0,0,475,49,49,STAB,43,43,37,26,18,10,30,25,20,28,15,14,30,4,120,1,150,130,1,0,0,0,0,0,0,0,150,0,50,0,150,0,50,0,150,41,100,0,0,0,0,0,0,0,0,0,0,41,100,0,0,0,0,0,0,0,0,0,0,0,0,0,0,0,0,0,0,0,0,0,0,0,0,0,0,0,0,0,null,null,null,null,null,null,null,0,
15220000,陽夜子のハングライダー,15220000,MAGIC_CREATURE_RIDE_4,1,1,1,0,0,0,1,1,1,1,1,1,1,1,1,320,0,0,475,49,49,STAB,43,43,37,26,18,10,30,25,20,28,15,14,30,4,120,1,150,130,1,0,0,0,0,0,0,0,150,0,50,0,150,0,50,0,150,41,100,0,0,0,0,0,0,0,0,0,0,41,100,0,0,0,0,0,0,0,0,0,0,0,0,0,0,0,0,0,0,0,0,0,0,0,0,0,0,0,0,0,null,null,null,null,null,null,null,0,
15240000,オートマタ（サファイア）,15240000,MAGIC_CREATURE_73,1,1,1,1,0,0,1,1,1,1,1,1,1,1,1,220,0,0,400,5,5,BLOW,40,45,3,6,10,16,34,20,100,70,30,125,20,30,100,1,200,200,3,0,0,0,0,0,0,0,80,80,80,50,50,50,50,80,50,40,100,0,0,0,0,0,0,0,0,0,0,40,100,0,0,0,0,0,0,0,0,0,0,0,0,0,0,0,0,0,0,0,0,0,0,0,0,0,0,0,0,0,null,null,null,null,null,null,null,0,
15250000,狐狸招来,15250000,MAGIC_CREATURE_72,1,1,1,0,0,0,1,1,1,1,1,1,1,1,1,240,0,0,400,10,10,BLOW,30,30,3,6,10,16,34,20,100,60,20,120,20,20,100,1,200,200,1,0,0,0,0,0,0,0,80,80,80,50,50,50,50,80,50,40,100,0,0,0,0,0,0,0,0,0,0,40,100,0,0,0,0,0,0,0,0,0,0,0,0,0,0,0,0,0,0,0,0,0,0,0,0,0,0,0,0,0,null,null,null,null,null,null,null,0,
15260000,フライング・パンプキン,15260000,MAGIC_CREATURE_RIDE_4,1,1,1,0,0,0,1,1,1,1,1,1,1,1,1,320,0,0,475,49,49,STAB,43,43,37,26,18,10,30,25,20,28,15,14,30,4,120,1,150,130,1,0,0,0,0,0,0,0,150,0,50,0,150,0,50,0,150,41,100,0,0,0,0,0,0,0,0,0,0,41,100,0,0,0,0,0,0,0,0,0,0,0,0,0,0,0,0,0,0,0,0,0,0,0,0,0,0,0,0,0,null,null,null,null,null,null,null,0,
15270000,エミリーのメイドさん,15270000,HUMAN_74,1,1,1,0,0,0,1,1,1,1,1,1,1,1,1,300,0,0,450,30,42,BLOW,30,44,33,12,30,15,32,20,35,20,10,21,15,5,120,1,130,200,1,0,0,0,0,0,0,0,70,70,70,70,70,70,70,70,70,41,100,0,0,0,0,0,0,0,0,0,0,41,100,0,0,0,0,0,0,0,0,0,0,0,0,0,0,0,0,0,0,0,0,0,0,0,0,0,0,0,0,0,null,null,null,null,null,null,null,0,
15280000,ネコマタ（アリス）,15280000,MAGIC_CREATURE_75,1,1,1,1,0,0,1,1,1,1,1,1,1,1,1,240,0,0,400,10,10,BLOW,30,30,3,6,10,16,34,20,100,60,20,120,20,20,100,1,200,200,1,0,0,0,0,0,0,0,80,80,80,50,50,50,50,80,50,40,100,0,0,0,0,0,0,0,0,0,0,40,100,0,0,0,0,0,0,0,0,0,0,0,0,0,0,0,0,0,0,0,0,0,0,0,0,0,0,0,0,0,null,null,null,null,null,null,null,0,
15290000,年代物の愛車,15290000,MACHINE_RIDE_4,1,1,1,0,0,0,1,1,1,1,1,1,1,1,1,320,0,0,475,49,49,STAB,43,43,37,26,18,10,30,25,20,28,15,14,30,4,120,1,150,130,1,0,0,0,0,0,0,0,150,0,50,0,150,0,50,0,150,41,100,0,0,0,0,0,0,0,0,0,0,41,100,0,0,0,0,0,0,0,0,0,0,0,0,0,0,0,0,0,0,0,0,0,0,0,0,0,0,0,0,0,null,null,null,null,null,null,null,0,
15310000,オートマタ（ダイヤモンド）,15310000,MAGIC_CREATURE_77,1,1,1,1,0,0,1,1,1,1,1,1,1,1,1,320,0,0,400,20,25,BLOW,40,50,30,10,40,25,45,20,100,70,40,120,30,20,100,1,200,200,5,0,0,0,0,0,0,0,80,80,80,50,50,50,50,80,50,40,100,0,0,0,0,0,0,0,0,0,0,40,100,0,0,0,0,0,0,0,0,0,0,0,0,0,0,0,0,0,0,0,0,0,0,0,0,0,0,0,0,0,null,null,null,null,null,null,null,0,
15320000,あけましタイニー,15320000,MAGIC_CREATURE_RIDE_4,1,1,1,0,0,0,1,1,1,1,1,1,1,1,1,320,0,0,475,49,49,STAB,43,43,37,26,18,10,30,25,20,28,15,14,30,4,120,1,150,130,1,0,0,0,0,0,0,0,150,0,50,0,150,0,50,0,150,41,100,0,0,0,0,0,0,0,0,0,0,41,100,0,0,0,0,0,0,0,0,0,0,0,0,0,0,0,0,0,0,0,0,0,0,0,0,0,0,0,0,0,null,null,null,null,null,null,null,0,
15325000,おでかけタイニー（抹茶）,15325000,MAGIC_CREATURE_RIDE_4,1,1,1,0,0,0,1,1,1,1,1,1,1,1,1,320,0,0,475,49,49,STAB,43,43,37,26,18,10,30,25,20,28,15,14,30,4,120,1,150,130,1,0,0,0,0,0,0,0,150,0,50,0,150,0,50,0,150,41,100,0,0,0,0,0,0,0,0,0,0,41,100,0,0,0,0,0,0,0,0,0,0,0,0,0,0,0,0,0,0,0,0,0,0,0,0,0,0,0,0,0,null,null,null,null,null,null,null,0,
15330000,スノーボード,15330000,MAGIC_CREATURE_RIDE_4,1,1,1,0,0,0,1,1,1,1,1,1,1,1,1,320,0,0,475,49,49,STAB,43,43,37,26,18,10,30,25,20,28,15,14,30,4,120,1,150,130,1,0,0,0,0,0,0,0,150,0,50,0,150,0,50,0,150,41,100,0,0,0,0,0,0,0,0,0,0,41,100,0,0,0,0,0,0,0,0,0,0,0,0,0,0,0,0,0,0,0,0,0,0,0,0,0,0,0,0,0,null,null,null,null,null,null,null,0,
15340000,ロイヤルガードグリフォン,15340000,ANIMAL_RIDE_4,1,1,1,0,0,0,1,1,1,1,1,1,1,1,1,350,0,0,480,45,45,STAB,29,29,45,30,45,32,28,20,20,18,5,5,20,4,120,1,150,130,1,0,0,0,0,0,0,0,150,0,50,0,150,0,50,0,150,41,100,0,0,0,0,0,0,0,0,0,0,41,100,0,0,0,0,0,0,0,0,0,0,0,0,0,0,0,0,0,0,0,0,0,0,0,0,0,0,0,0,0,null,null,null,null,null,null,null,0,
15360000,子パンダ,15360000,ANIMAL_78,1,1,1,0,0,0,1,1,1,1,1,1,1,1,1,320,0,0,450,49,49,STAB,43,43,37,26,18,10,43,24,13,28,15,14,21,4,120,1,150,130,1,0,0,0,0,0,0,0,150,0,50,0,150,0,50,0,150,41,100,0,0,0,0,0,0,0,0,0,0,41,100,0,0,0,0,0,0,0,0,0,0,0,0,0,0,0,0,0,0,0,0,0,0,0,0,0,0,0,0,0,null,null,null,null,null,null,null,0,
15390000,守護魔・ムツキ,15390000,HUMAN_80,1,1,1,0,0,0,1,1,1,1,1,1,1,1,1,240,0,0,450,30,42,BLOW,30,44,33,12,30,15,32,20,35,20,10,21,15,5,120,1,130,200,1,0,0,0,0,0,0,0,70,70,70,70,70,70,70,70,70,40,100,0,0,0,0,0,0,0,0,0,0,41,100,0,0,0,0,0,0,0,0,0,0,0,0,0,0,0,0,0,0,0,0,0,0,0,0,0,0,0,0,0,null,null,null,null,null,null,null,0,
15400000,アザラシ,15400000,ANIMAL_RIDE_4,1,1,1,0,0,0,1,1,1,1,1,1,1,1,1,350,0,0,475,49,49,STAB,43,43,37,26,18,10,30,25,20,28,15,14,30,4,120,1,150,130,1,0,0,0,0,0,0,0,150,0,50,0,150,0,50,150,100,41,100,0,0,0,0,0,0,0,0,0,0,41,100,0,0,0,0,0,0,0,0,0,0,0,0,0,0,0,0,0,0,0,0,0,0,0,0,0,0,0,0,0,null,null,null,null,null,null,null,0,
15410000,守護魔・キサラギ,15410000,HUMAN_83,1,1,1,0,0,0,1,1,1,1,1,1,1,1,1,240,0,0,450,30,42,BLOW,30,44,33,12,30,15,32,20,35,20,10,21,15,5,120,1,130,200,1,0,0,0,0,0,0,0,70,70,70,70,70,70,70,70,70,40,100,0,0,0,0,0,0,0,0,0,0,41,100,0,0,0,0,0,0,0,0,0,0,0,0,0,0,0,0,0,0,0,0,0,0,0,0,0,0,0,0,0,null,null,null,null,null,null,null,0,
15420000,魔法のスーツケース,15420000,MAGIC_CREATURE_RIDE_4,1,1,1,0,0,0,1,1,1,1,1,1,1,1,1,320,0,0,450,49,49,BLOW,43,43,37,26,18,10,43,24,13,28,15,14,21,4,120,1,150,130,1,0,0,0,0,0,0,0,150,0,50,0,150,0,50,0,150,41,100,0,0,0,0,0,0,0,0,0,0,41,100,0,0,0,0,0,0,0,0,0,0,0,0,0,0,0,0,0,0,0,0,0,0,0,0,0,0,0,0,0,null,null,null,null,null,null,null,0,
15470000,シャボタン,15470000,PLANT_93,1,1,1,0,0,0,1,1,1,1,1,1,1,1,1,389,0,0,450,30,42,BLOW,40,45,40,15,35,28,32,20,35,20,10,17,20,4,120,1,130,180,1,0,0,0,0,0,0,0,100,0,50,70,150,0,50,0,50,41,100,0,0,0,0,0,0,0,0,0,0,41,100,0,0,0,0,0,0,0,0,0,0,6201,0,6203,0,6205,0,6207,0,0,0,0,0,0,0,0,0,0,0,0,null,null,null,null,null,null,null,0,
15560000,守護魔・ヤヨイ,15560000,HUMAN_85,1,1,1,0,0,0,1,1,1,1,1,1,1,1,1,240,0,0,450,30,42,BLOW,30,44,30,12,30,12,35,20,35,25,15,20,20,10,120,1,130,200,1,0,0,0,0,0,0,0,70,70,70,70,70,70,70,70,70,40,100,0,0,0,0,0,0,0,0,0,0,41,100,0,0,0,0,0,0,0,0,0,0,0,0,0,0,0,0,0,0,0,0,0,0,0,0,0,0,0,0,0,null,null,null,null,null,null,null,0,
15570000,忍びの大がま,15570000,ANIMAL_RIDE_4,1,1,1,0,0,0,1,1,1,1,1,1,1,1,1,350,0,0,475,40,40,BLOW,45,45,30,20,35,28,28,30,35,20,10,10,25,4,120,1,150,130,1,0,0,0,0,0,0,0,150,0,50,50,150,0,50,0,50,41,100,0,0,0,0,0,0,0,0,0,0,41,100,0,0,0,0,0,0,0,0,0,0,0,0,0,0,0,0,0,0,0,0,0,0,0,0,0,0,0,0,0,null,null,null,null,null,null,null,0,
15590000,守護魔・ウヅキ,15590000,HUMAN_87,1,1,1,0,0,0,1,1,1,1,1,1,1,1,1,350,0,0,475,40,40,BLOW,45,45,30,20,35,28,28,30,35,20,10,10,25,4,120,1,150,130,1,0,0,0,0,0,0,0,150,0,50,50,150,0,50,0,50,40,100,0,0,0,0,0,0,0,0,0,0,41,100,0,0,0,0,0,0,0,0,0,0,0,0,0,0,0,0,0,0,0,0,0,0,0,0,0,0,0,0,0,null,null,null,null,null,null,null,0,
15600000,守護魔・サツキ,15600000,HUMAN_89,1,1,1.1,0,0,0,1,1,1,1,1,1,1,1,1,350,0,0,475,40,40,BLOW,45,45,30,20,35,28,28,30,35,20,10,10,25,4,120,1,150,130,1,0,0,0,0,0,0,0,150,0,50,50,150,0,50,0,50,40,100,0,0,0,0,0,0,0,0,0,0,41,100,0,0,0,0,0,0,0,0,0,0,0,0,0,0,0,0,0,0,0,0,0,0,0,0,0,0,0,0,0,null,null,null,null,null,null,null,0,
15680000,守護魔・ミナヅキ,15680000,HUMAN_91,1,1,1,0,0,0,1,1,1,1,1,1,1,1,1,350,0,0,475,40,40,BLOW,45,45,30,20,35,28,28,30,35,20,10,10,25,4,120,1,150,130,1,0,0,0,0,0,0,0,150,0,50,50,150,0,50,0,50,40,100,0,0,0,0,0,0,0,0,0,0,41,100,0,0,0,0,0,0,0,0,0,0,0,0,0,0,0,0,0,0,0,0,0,0,0,0,0,0,0,0,0,null,null,null,null,null,null,null,0,
15690000,守護魔・ウル,15690000,HUMAN_108,1,1,1,0,0,0,1,1,1,1,1,1,1,1,1,350,0,0,475,50,60,BLOW,30,40,50,25,30,28,40,35,30,20,20,10,25,4,120,1,150,130,1,0,0,0,0,0,0,0,150,0,50,0,100,0,0,0,100,40,100,0,0,0,0,0,0,0,0,0,0,41,100,0,0,0,0,0,0,0,0,0,0,0,0,0,0,0,0,0,0,0,0,0,0,0,0,0,0,0,0,0,null,null,null,null,null,null,null,0,
15690100,守護魔・ルゥ,15690100,HUMAN_109,1,1,1,0,0,0,1,1,1,1,1,1,1,1,1,240,0,0,475,30,40,BLOW,50,60,30,15,50,28,30,35,40,20,10,20,15,10,120,1,130,200,1,0,0,0,0,0,0,0,0,150,0,50,150,0,50,100,0,40,100,0,0,0,0,0,0,0,0,0,0,41,100,0,0,0,0,0,0,0,0,0,0,0,0,0,0,0,0,0,0,0,0,0,0,0,0,0,0,0,0,0,null,null,null,null,null,null,null,0,
20015000,カルティー,20015000,HUMAN_92,1,1,1,0,0,0,1,1,1,1,1,1,1,1,1,200,0,0,350,10,10,BLOW,30,35,6,6,15,15,28,30,35,20,10,10,20,4,100,1,100,130,1,0,0,0,0,0,0,0,80,80,80,50,50,50,50,80,50,41,100,0,0,0,0,0,0,0,0,0,0,41,100,0,0,0,0,0,0,0,0,0,0,0,0,0,0,0,0,0,0,0,0,0,0,0,0,0,0,0,0,0,null,null,null,null,null,null,null,0,
15700000,天馬,15700000,ANIMAL_RIDE_4,1,1,1,0,0,0,1,1,1,1,1,1,1,1,1,320,0,0,450,49,49,STAB,43,43,37,26,18,10,43,24,13,28,15,14,21,4,120,1,150,130,1,0,0,0,0,0,0,0,150,0,50,0,150,0,50,0,150,41,100,0,0,0,0,0,0,0,0,0,0,41,100,0,0,0,0,0,0,0,0,0,0,0,0,0,0,0,0,0,0,0,0,0,0,0,0,0,0,0,0,0,null,null,null,null,null,null,null,0,
15710000,守護魔・フミツキ,15710000,HUMAN_95,1,1,1,0,0,0,1,1,1,1,1,1,1,1,1,350,0,0,475,40,40,BLOW,45,45,30,20,35,28,28,30,35,20,10,10,25,4,120,1,150,130,1,0,0,0,0,0,0,0,150,0,50,50,150,0,50,0,50,40,100,0,0,0,0,0,0,0,0,0,0,41,100,0,0,0,0,0,0,0,0,0,0,0,0,0,0,0,0,0,0,0,0,0,0,0,0,0,0,0,0,0,null,null,null,null,null,null,null,0,
15720000,リビングうさ子,15720000,ANIMAL_RIDE_4,1,1,1,0,0,0,1,1,1,1,1,1,1,1,1,320,0,0,450,49,49,STAB,43,43,37,26,18,10,43,24,13,28,15,14,21,4,120,1,150,130,1,0,0,0,0,0,0,0,150,0,50,0,150,0,50,0,150,41,100,0,0,0,0,0,0,0,0,0,0,41,100,0,0,0,0,0,0,0,0,0,0,0,0,0,0,0,0,0,0,0,0,0,0,0,0,0,0,0,0,0,null,null,null,null,null,null,null,0,
15730000,キュゥべえ,15730000,ANIMAL_101,1,1,1,0,0,0,1,1,1,1,1,1,1,1,1,350,0,0,450,40,40,BLOW,45,45,30,20,35,28,28,30,35,20,10,10,25,4,120,1,150,130,1,0,0,0,0,0,0,0,50,50,50,50,50,50,50,50,50,41,100,0,0,0,0,0,0,0,0,0,0,41,100,0,0,0,0,0,0,0,0,0,0,0,0,0,0,0,0,0,0,0,0,0,0,0,0,0,0,0,0,0,null,null,null,null,null,null,null,0,
15760000,守護魔・ハヅキ,15760000,HUMAN_96,1,1,1,0,0,0,1,1,1,1,1,1,1,1,1,350,0,0,475,40,40,BLOW,45,45,30,20,35,28,28,30,35,20,10,10,25,4,120,1,150,130,3,0,0,0,0,0,0,0,150,0,50,50,150,0,50,0,50,40,100,0,0,0,0,0,0,0,0,0,0,41,100,0,0,0,0,0,0,0,0,0,0,0,0,0,0,0,0,0,0,0,0,0,0,0,0,0,0,0,0,0,null,null,null,null,null,null,null,0,
15770000,おやすみムーン,15770000,MAGIC_CREATURE_RIDE_4,1,1,1,0,0,0,1,1,1,1,1,1,1,1,1,320,0,0,450,49,49,STAB,43,43,37,26,18,10,43,24,13,28,15,14,21,4,120,1,150,130,1,0,0,0,0,0,0,0,150,0,50,0,150,0,50,0,150,41,100,0,0,0,0,0,0,0,0,0,0,41,100,0,0,0,0,0,0,0,0,0,0,0,0,0,0,0,0,0,0,0,0,0,0,0,0,0,0,0,0,0,null,null,null,null,null,null,null,0,
15780000,守護魔・キクヅキ,15780000,HUMAN_98,1,1,1,0,0,0,1,1,1,1,1,1,1,1,1,350,0,0,475,40,40,BLOW,45,45,30,20,35,28,28,30,35,20,10,10,25,4,120,1,150,130,1,0,0,0,0,0,0,0,150,0,50,50,150,0,50,0,50,40,100,0,0,0,0,0,0,0,0,0,0,41,100,0,0,0,0,0,0,0,0,0,0,0,0,0,0,0,0,0,0,0,0,0,0,0,0,0,0,0,0,0,null,null,null,null,null,null,null,0,
15790000,守護魔・カミア・カンナ,15790000,HUMAN_102,1,1,1,0,0,0,1,1,1,1,1,1,1,1,1,350,0,0,475,40,40,BLOW,45,45,30,20,35,28,28,30,35,20,10,10,25,4,120,1,150,130,1,0,0,0,0,0,0,0,150,0,50,50,150,0,50,0,50,40,100,0,0,0,0,0,0,0,0,0,0,41,100,0,0,0,0,0,0,0,0,0,0,0,0,0,0,0,0,0,0,0,0,0,0,0,0,0,0,0,0,0,null,null,null,null,null,null,null,0,
15800000,けるべろす,15800000,ANIMAL_103,1,1,1,0,0,0,1,1,1,1,1,1,1,1,1,320,0,0,450,49,49,STAB,48,48,40,25,18,10,46,24,13,32,15,14,25,4,120,1,180,130,1,0,0,0,0,0,0,0,150,0,50,0,150,0,50,0,150,41,100,0,0,0,0,0,0,0,0,0,0,41,100,0,0,0,0,0,0,0,0,0,0,6301,0,6303,0,6305,0,0,0,0,0,0,0,0,0,0,0,0,0,0,null,null,null,null,null,null,null,0,
15850000,マジカルステッキ,15850000,MAGIC_CREATURE_RIDE_4,1,1,1,0,0,0,1,1,1,1,1,1,1,1,1,10,0,0,500,49,49,STAB,43,43,37,26,18,10,43,24,13,40,40,40,30,10,120,1,150,130,1,0,0,0,0,0,0,0,150,0,50,0,150,0,50,0,150,41,100,0,0,0,0,0,0,0,0,0,0,41,100,0,0,0,0,0,0,0,0,0,0,0,0,0,0,0,0,0,0,0,0,0,0,0,0,0,0,0,0,0,null,null,null,null,null,null,null,0,
15860000,守護魔・ウルゥ,15860000,HUMAN_110,1,1,1.1,0,0,0,1,1,1,1,1,1,1,1,1,1723,0,0,475,88,124,BLOW,81,91,210,25,164,28,87,71,81,81,60,66,30,17,120,25,150,200,1,0,0,0,0,0,0,0,150,50,50,50,150,100,50,25,55,40,100,0,0,0,0,0,0,0,0,0,0,41,100,0,0,0,0,0,0,0,0,0,0,0,0,0,0,0,0,0,0,0,0,0,0,0,0,0,0,0,0,0,null,null,null,null,null,null,null,0,
15870000,ネコマタ（フリル）,15870000,MAGIC_CREATURE_107,1,1,1,1,0,0,1,1,1,1,1,1,1,1,1,240,0,0,400,10,10,BLOW,30,30,3,6,10,16,34,20,100,60,20,120,20,20,100,1,200,200,1,0,0,0,0,0,0,0,80,80,80,50,50,50,50,80,50,40,100,0,0,0,0,0,0,0,0,0,0,40,100,0,0,0,0,0,0,0,0,0,0,0,0,0,0,0,0,0,0,0,0,0,0,0,0,0,0,0,0,0,null,null,null,null,null,null,null,0,
15880000,守護魔・シモツキ,15880000,HUMAN_105,1,1,1,0,0,0,1,1,1,1,1,1,1,1,1,350,0,0,475,40,40,BLOW,45,45,30,20,35,28,28,30,35,20,10,10,25,4,120,1,150,130,1,0,0,0,0,0,0,0,150,0,50,50,150,0,50,0,50,40,100,0,0,0,0,0,0,0,0,0,0,41,100,0,0,0,0,0,0,0,0,0,0,0,0,0,0,0,0,0,0,0,0,0,0,0,0,0,0,0,0,0,null,null,null,null,null,null,null,0,
15890000,カーニバルの飛行船,15890000,MACHINE_RIDE_4,1,1,1,0,0,0,1,1,1,1,1,1,1,1,1,320,0,0,475,49,49,STAB,43,43,37,26,18,10,30,25,20,28,15,14,30,4,120,1,150,130,1,0,0,0,0,0,0,0,150,0,50,0,150,0,50,0,150,41,100,0,0,0,0,0,0,0,0,0,0,41,100,0,0,0,0,0,0,0,0,0,0,0,0,0,0,0,0,0,0,0,0,0,0,0,0,0,0,0,0,0,null,null,null,null,null,null,null,0,
15900000,守護魔・ロウゲツ,15900000,HUMAN_111,1,1,1,0,0,0,1,1,1,1,1,1,1,1,1,400,0,0,475,40,40,BLOW,45,45,30,25,35,30,28,35,35,20,10,10,25,5,120,1,150,130,1,0,0,0,0,0,0,0,150,0,50,50,150,0,50,0,50,40,100,0,0,0,0,0,0,0,0,0,0,41,100,0,0,0,0,0,0,0,0,0,0,0,0,0,0,0,0,0,0,0,0,0,0,0,0,0,0,0,0,0,null,null,null,null,null,null,null,0,
15910000,ダークフェザー・アルマ,15910000,HUMAN_115,1,1,1,0,0,0,1,1,1,1,1,1,1,1,1,350,0,0,475,40,40,BLOW,40,40,30,20,30,28,30,30,30,20,10,10,20,4,120,1,130,200,1,0,0,0,0,0,0,0,70,70,70,70,70,70,70,70,70,41,100,0,0,0,0,0,0,0,0,0,0,41,100,0,0,0,0,0,0,0,0,0,0,0,0,0,0,0,0,0,0,0,0,0,0,0,0,0,0,0,0,0,null,null,null,null,null,null,null,0,
15930000,守護魔・カナデ,15930000,HUMAN_114,1,1,1,0,0,0,1,1,1,1,1,1,1,1,1,380,0,0,450,40,40,BLOW,50,50,30,20,35,30,28,30,50,20,20,20,25,5,120,1,150,130,1,0,0,0,0,0,0,0,150,0,50,50,150,0,50,0,50,40,100,0,0,0,0,0,0,0,0,0,0,41,100,0,0,0,0,0,0,0,0,0,0,0,0,0,0,0,0,0,0,0,0,0,0,0,0,0,0,0,0,0,null,null,null,null,null,null,null,0,
15950000,バウ・アルマ,15950000,HUMAN_116,1,1,1,0,0,0,1,1,1,1,1,1,1,1,1,400,0,0,450,40,40,BLOW,30,30,30,20,30,15,30,20,20,25,20,25,20,5,120,1,130,200,1,0,0,0,0,0,0,0,70,70,70,70,70,70,70,70,70,41,100,0,0,0,0,0,0,0,0,0,0,41,100,0,0,0,0,0,0,0,0,0,0,6301,0,6303,0,6305,0,0,0,0,0,0,0,0,0,0,0,0,0,0,null,null,null,null,null,null,null,0,
20000050,探索用エレキテル・斬,20000050,MACHINE_RIDE_4,1,1,1,0,0,0,1,1,1,1,1,1,1,1,1,800,0,0,380,245,245,BLOW,50,50,80,39,64,10,172,172,20,86,86,42,50,20,200,1,350,130,1,0,0,0,0,0,0,0,150,0,50,0,150,0,50,0,150,41,100,0,0,0,0,0,0,0,0,0,0,41,100,0,0,0,0,0,0,0,0,0,0,0,0,0,0,0,0,0,0,0,0,0,0,0,0,0,0,0,0,0,null,null,null,null,null,null,null,1,
20000051,探索用エレキテル・盾,20000051,MACHINE_RIDE_4,1,1,1,0,0,0,1,1,1,1,1,1,1,1,1,1000,0,0,380,48,52,BLOW,50,50,138,39,129,10,136,72,52,112,112,42,20,40,200,1,900,130,1,0,0,0,0,0,0,0,150,0,50,0,150,0,50,0,150,41,100,0,0,0,0,0,0,0,0,0,0,41,100,0,0,0,0,0,0,0,0,0,0,0,0,0,0,0,0,0,0,0,0,0,0,0,0,0,0,0,0,0,null,null,null,null,null,null,null,1,
20000052,探索用エレキテル・砲,20000052,MACHINE_RIDE_4,1,1,1,0,0,0,1,1,1,1,1,1,1,1,1,800,0,0,350,92,92,BLOW,245,245,74,39,64,10,112,72,172,60,60,42,10,20,320,1,300,130,6,0,0,0,0,0,0,0,150,0,50,0,150,0,50,0,150,41,100,0,0,0,0,0,0,0,0,0,0,41,100,0,0,0,0,0,0,0,0,0,0,0,0,0,0,0,0,0,0,0,0,0,0,0,0,0,0,0,0,0,null,null,null,null,null,null,null,1,
20400000,探索用エレキテル・特,20400000,MACHINE_RIDE_4,1,1,1,0,0,0,1,1,1,1,1,1,1,1,1,800,0,0,450,91,92,BLOW,80,80,74,39,64,10,136,72,102,60,112,42,35,20,120,1,700,130,1,0,0,0,0,0,0,0,150,0,50,0,150,0,50,0,150,41,100,0,0,0,0,0,0,0,0,0,0,41,100,0,0,0,0,0,0,0,0,0,0,0,0,0,0,0,0,0,0,0,0,0,0,0,0,0,0,0,0,0,null,null,null,null,null,null,null,1,
20000054,駆逐専用エレキテル・五月武者,20000054,MACHINE_RIDE_4,1,1,1,0,0,0,1,1,1,1,1,1,1,1,1,2000,0,0,380,245,245,BLOW,245,245,138,39,129,10,172,172,172,112,112,42,50,20,120,1,700,130,1,0,0,0,0,0,0,0,150,0,50,0,150,0,50,0,150,41,100,0,0,0,0,0,0,0,0,0,0,41,100,0,0,0,0,0,0,0,0,0,0,0,0,0,0,0,0,0,0,0,0,0,0,0,0,0,0,0,0,0,null,null,null,null,null,null,null,1,
20000055,試作・タンデムエレキテル,20000055,MACHINE_RIDE_4,1,1,1,0,0,0,1,1,1,1,1,1,1,1,1,2000,0,0,350,245,245,BLOW,245,245,138,39,129,10,172,172,172,112,112,42,50,20,120,1,700,130,1,0,0,0,0,0,0,0,150,0,50,0,150,0,50,0,150,41,100,0,0,0,0,0,0,0,0,0,0,41,100,0,0,0,0,0,0,0,0,0,0,0,0,0,0,0,0,0,0,0,0,0,0,0,0,0,0,0,0,0,null,null,null,null,null,null,null,1,
20410000,ジェントルタイニー,20410000,ANIMAL_34,1,1,1,0,0,0,1,1,1,1,1,1,1,1,1,300,0,0,350,40,40,BLOW,1,1,40,25,10,10,35,20,100,40,20,0,18,5,100,1,200,200,1,0,0,0,0,0,0,0,50,50,50,50,50,50,50,50,50,41,100,0,0,0,0,0,0,0,0,0,0,41,100,0,0,0,0,0,0,0,0,0,0,0,0,0,0,0,0,0,0,0,0,0,0,0,0,0,0,0,0,0,null,null,null,null,null,null,null,0,
20410050,ノーブルタイニー,20410050,ANIMAL_79,1,1,1,0,0,0,1,1,1,1,1,1,1,1,1,300,0,0,350,40,40,BLOW,1,1,40,25,10,10,35,20,100,40,20,0,18,5,100,1,200,200,1,0,0,0,0,0,0,0,50,50,50,50,50,50,50,50,50,41,100,0,0,0,0,0,0,0,0,0,0,41,100,0,0,0,0,0,0,0,0,0,0,0,0,0,0,0,0,0,0,0,0,0,0,0,0,0,0,0,0,0,null,null,null,null,null,null,null,0,
20430000,探偵タイニー,20430000,ANIMAL_41,1,1,1,0,0,0,1,1,1,1,1,1,1,1,1,300,0,0,350,40,40,BLOW,1,1,40,25,10,10,35,20,100,40,20,0,18,5,100,1,200,200,1,0,0,0,0,0,0,0,50,50,50,50,50,50,50,50,50,41,100,0,0,0,0,0,0,0,0,0,0,41,100,0,0,0,0,0,0,0,0,0,0,0,0,0,0,0,0,0,0,0,0,0,0,0,0,0,0,0,0,0,null,null,null,null,null,null,null,0,
20450000,ケット・シー,20450000,ANIMAL_70,1,1,1,0,0,0,1,1,1,1,1,1,1,1,1,300,0,0,350,40,40,BLOW,1,1,40,25,10,10,35,20,100,40,20,0,18,5,100,1,200,200,1,0,0,0,0,0,0,0,50,50,50,50,50,50,50,50,50,41,100,0,0,0,0,0,0,0,0,0,0,41,100,0,0,0,0,0,0,0,0,0,0,0,0,0,0,0,0,0,0,0,0,0,0,0,0,0,0,0,0,0,null,null,null,null,null,null,null,0,
20460000,黒猫,20460000,ANIMAL_71,1,1,1,0,0,0,1,1,1,1,1,1,1,1,1,300,0,0,350,40,40,BLOW,1,1,40,25,10,10,35,20,100,40,20,0,18,5,100,1,200,200,1,0,0,0,0,0,0,0,50,50,50,50,50,50,50,50,50,41,100,0,0,0,0,0,0,0,0,0,0,41,100,0,0,0,0,0,0,0,0,0,0,0,0,0,0,0,0,0,0,0,0,0,0,0,0,0,0,0,0,0,null,null,null,null,null,null,null,0,
19010019,おてつだいミルフィ,19010019,HUMAN_33,1,1,1,0,0,0,1,1,1,1,1,1,1,1,1,400,0,0,350,72,72,STAB,45,45,36,13,30,15,28,10,35,20,10,21,15,5,100,1,80,200,1,0,0,0,0,0,0,0,80,80,80,30,80,30,30,50,80,41,100,0,0,0,0,0,0,0,0,0,0,41,100,0,0,0,0,0,0,0,0,0,0,0,0,0,0,0,0,0,0,0,0,0,0,0,0,0,0,0,0,0,null,null,null,null,null,null,null,0,
19010075,エミルの狩人ハート,19010075,HUMAN_81,1,1,1,0,0,13,1,1,1,1,1,1,1,1,1,300,0,0,450,30,42,STAB,30,44,33,12,30,15,20,34,35,10,20,21,15,5,120,1,130,200,5,0,0,0,0,0,0,0,70,70,70,70,70,70,70,70,70,41,100,0,0,0,0,0,0,0,0,0,0,41,100,0,0,0,0,0,0,0,0,0,0,0,0,0,0,0,0,0,0,0,0,0,0,0,0,0,0,0,0,0,null,null,null,null,null,null,null,0,
19010076,ルルイエのあまえんぼハート,19010076,HUMAN_84,1,1,0.8,0,0,0,1,1,1,1,1,1,1,1,1,300,0,0,450,30,42,STAB,30,44,33,12,30,15,34,20,35,20,10,21,15,5,120,1,130,200,1,0,0,0,0,0,0,0,70,70,70,70,70,70,70,70,70,41,100,0,0,0,0,0,0,0,0,0,0,41,100,0,0,0,0,0,0,0,0,0,0,0,0,0,0,0,0,0,0,0,0,0,0,0,0,0,0,0,0,0,null,null,null,null,null,null,null,0,
19010077,マーシャのくのいちハート,19010077,HUMAN_86,1,1,1,0,0,7,1,1,1,1,1,1,1,1,1,300,0,0,450,26,38,SLASH,32,46,30,10,35,20,30,20,35,25,20,25,15,5,120,1,150,200,1,0,0,0,0,0,0,0,70,70,70,70,70,70,70,70,70,41,100,0,0,0,0,0,0,0,0,0,0,41,100,0,0,0,0,0,0,0,0,0,0,0,0,0,0,0,0,0,0,0,0,0,0,0,0,0,0,0,0,0,null,null,null,null,null,null,null,0,
19010078,タイタスのなごやかハート,19010078,HUMAN_88,1,1,1,0,0,5,1,1,1,1,1,1,1,1,1,300,0,0,450,26,38,SLASH,32,46,30,10,35,20,30,20,35,25,20,25,15,5,120,1,150,200,1,0,0,0,0,0,0,0,70,70,70,70,70,70,70,70,70,41,100,0,0,0,0,0,0,0,0,0,0,41,100,0,0,0,0,0,0,0,0,0,0,0,0,0,0,0,0,0,0,0,0,0,0,0,0,0,0,0,0,0,null,null,null,null,null,null,null,0,
19010079,ティタの冒険ハート,19010079,HUMAN_90,1,1,1,0,0,4,1,1,1,1,1,1,1,1,1,300,0,0,450,26,38,SLASH,32,46,30,10,35,20,30,20,35,25,20,25,15,5,120,1,150,200,1,0,0,0,0,0,0,0,70,70,70,70,70,70,70,70,70,41,100,0,0,0,0,0,0,0,0,0,0,41,100,0,0,0,0,0,0,0,0,0,0,0,0,0,0,0,0,0,0,0,0,0,0,0,0,0,0,0,0,0,null,null,null,null,null,null,null,0,
19010080,ベリアルの守護ハート,19010080,HUMAN_94,1,1,1.1,0,0,3,1,1,1,1,1,1,1,1,1,300,0,0,450,26,38,SLASH,32,46,30,10,35,20,30,20,35,25,20,25,15,5,120,1,150,200,1,0,0,0,0,0,0,0,70,70,70,70,70,70,70,70,70,41,100,0,0,0,0,0,0,0,0,0,0,41,100,0,0,0,0,0,0,0,0,0,0,0,0,0,0,0,0,0,0,0,0,0,0,0,0,0,0,0,0,0,null,null,null,null,null,null,null,0,
19010081,ルクスのエスコートハート,19010081,HUMAN_97,1,1,1,0,0,3,1,1,1,1,1,1,1,1,1,300,0,0,450,26,38,SLASH,32,46,30,10,35,20,30,20,35,25,20,25,15,5,120,1,150,200,1,0,0,0,0,0,0,0,70,70,70,70,70,70,70,70,70,41,100,0,0,0,0,0,0,0,0,0,0,41,100,0,0,0,0,0,0,0,0,0,0,0,0,0,0,0,0,0,0,0,0,0,0,0,0,0,0,0,0,0,null,null,null,null,null,null,null,0,
19010085,みんなのアシスタント,19010085,HUMAN_99,1,1,0.77,0,0,0,1,1,1,1,1,1,1,1,1,300,0,0,450,30,42,BLOW,30,44,33,12,30,15,32,20,35,20,10,21,15,5,120,1,130,200,1,0,0,0,0,0,0,0,70,70,70,70,70,70,70,70,70,41,100,0,0,0,0,0,0,0,0,0,0,41,100,0,0,0,0,0,0,0,0,0,0,0,0,0,0,0,0,0,0,0,0,0,0,0,0,0,0,0,0,0,null,null,null,null,null,null,null,0,
19010086,リリのワルキューレハート,19010086,HUMAN_100,1,1,1,0,0,10,1,1,1,1,1,1,1,1,1,300,0,0,450,26,38,STAB,32,46,30,10,35,20,30,20,35,25,20,25,15,5,120,1,150,200,2,0,0,0,0,0,0,0,70,70,70,70,70,70,70,70,70,41,100,0,0,0,0,0,0,0,0,0,0,41,100,0,0,0,0,0,0,0,0,0,0,0,0,0,0,0,0,0,0,0,0,0,0,0,0,0,0,0,0,0,null,null,null,null,null,null,null,0,
19010087,ルルイエの魔女っ子ハート,19010087,HUMAN_104,1,1,0.85,0,0,20,1,1,1,1,1,1,1,1,1,300,0,0,450,26,38,BLOW,50,50,25,10,45,20,30,20,45,25,20,25,15,5,120,1,150,200,1,0,0,0,0,0,0,0,70,70,70,70,70,70,70,70,70,41,100,0,0,0,0,0,0,0,0,0,0,41,100,0,0,0,0,0,0,0,0,0,0,0,0,0,0,0,0,0,0,0,0,0,0,0,0,0,0,0,0,0,null,null,null,null,null,null,null,0,
19010088,ティタのお姫さまハート,19010088,HUMAN_106,1,1,0.85,0,0,152,1,1,1,1,1,1,1,1,1,300,0,0,450,26,38,BLOW,30,44,30,10,30,15,30,20,35,25,20,25,15,5,120,1,150,200,1,0,0,0,0,0,0,0,70,70,70,70,70,70,70,70,70,41,100,0,0,0,0,0,0,0,0,0,0,41,100,0,0,0,0,0,0,0,0,0,0,0,0,0,0,0,0,0,0,0,0,0,0,0,0,0,0,0,0,0,null,null,null,null,null,null,null,0,
19010089,マーシャのマーチングハート,19010089,HUMAN_112,1,1,0.85,0,0,153,1,1,1,1,1,1,1,1,1,300,0,0,450,30,40,SLASH,35,45,30,10,35,20,30,20,35,25,20,25,15,5,120,1,150,200,1,0,0,0,0,0,0,0,70,70,70,70,70,70,70,70,70,41,100,0,0,0,0,0,0,0,0,0,0,41,100,0,0,0,0,0,0,0,0,0,0,0,0,0,0,0,0,0,0,0,0,0,0,0,0,0,0,0,0,0,null,null,null,null,null,null,null,0,
19010090,ムツキのシャーマンハート,19010090,HUMAN_80,1,1,1,0,0,0,1,1,1,1,1,1,1,1,1,240,0,0,450,30,42,BLOW,30,44,33,12,30,15,32,20,35,20,10,21,15,5,120,1,130,200,1,0,0,0,0,0,0,0,70,70,70,70,70,70,70,70,70,41,100,0,0,0,0,0,0,0,0,0,0,41,100,0,0,0,0,0,0,0,0,0,0,0,0,0,0,0,0,0,0,0,0,0,0,0,0,0,0,0,0,0,null,null,null,null,null,null,null,0,
19010092,キサラギの盗賊ハート,19010092,HUMAN_83,1,1,1,0,0,21,1,1,1,1,1,1,1,1,1,240,0,0,450,30,42,STAB,30,44,33,12,30,15,32,20,35,20,10,21,15,5,120,1,130,200,1,0,0,0,0,0,0,0,70,70,70,70,70,70,70,70,70,41,100,0,0,0,0,0,0,0,0,0,0,41,100,0,0,0,0,0,0,0,0,0,0,0,0,0,0,0,0,0,0,0,0,0,0,0,0,0,0,0,0,0,null,null,null,null,null,null,null,0,
19010000,シツジ2（タイ）,19010020,HUMAN_11,1,1,1,0,0,0,1,1,1,1,1,1,1,1,1,200,0,0,500,13,13,BLOW,13,13,7,20,25,17,9,8,30,4,4,16,2,1,100,1,80,200,1,0,0,0,0,0,0,0,150,0,0,0,150,150,0,0,0,41,100,0,0,0,0,0,0,0,0,0,0,41,100,0,0,0,0,0,0,0,0,0,0,0,0,0,0,0,0,0,0,0,0,0,0,0,0,0,0,0,0,0,null,null,null,null,null,null,null,0,
19010001,シツジ3（タイ）,19010021,HUMAN_11,1,1,1,0,0,0,1,1,1,1,1,1,1,1,1,200,0,0,500,13,13,BLOW,13,13,7,20,25,17,9,8,30,4,4,16,2,1,100,1,80,200,1,0,0,0,0,0,0,0,150,0,0,0,150,150,0,0,0,41,100,0,0,0,0,0,0,0,0,0,0,41,100,0,0,0,0,0,0,0,0,0,0,0,0,0,0,0,0,0,0,0,0,0,0,0,0,0,0,0,0,0,null,null,null,null,null,null,null,0,
19010002,シツジ（タイ）,19010000,HUMAN_11,1,1,1,0,0,0,1,1,1,1,1,1,1,1,1,200,0,0,500,13,13,BLOW,13,13,7,20,25,17,9,8,30,4,4,16,2,1,100,1,80,200,1,0,0,0,0,0,0,0,150,0,0,0,150,150,0,0,0,41,100,0,0,0,0,0,0,0,0,0,0,41,100,0,0,0,0,0,0,0,0,0,0,0,0,0,0,0,0,0,0,0,0,0,0,0,0,0,0,0,0,0,null,null,null,null,null,null,null,0,
19000000,メイド2（タイ）,19000001,HUMAN_9,1,1,1,0,0,0,1,1,1,1,1,1,1,1,1,200,0,0,500,13,13,BLOW,13,13,7,20,25,17,9,8,30,4,4,16,2,1,100,1,80,200,1,0,0,0,0,0,0,0,150,0,0,0,150,150,0,0,0,41,100,0,0,0,0,0,0,0,0,0,0,41,100,0,0,0,0,0,0,0,0,0,0,0,0,0,0,0,0,0,0,0,0,0,0,0,0,0,0,0,0,0,null,null,null,null,null,null,null,0,
19000001,メイド3（タイ）,19000002,HUMAN_9,1,1,1,0,0,0,1,1,1,1,1,1,1,1,1,200,0,0,500,13,13,BLOW,13,13,7,20,25,17,9,8,30,4,4,16,2,1,100,1,80,200,1,0,0,0,0,0,0,0,150,0,0,0,150,150,0,0,0,41,100,0,0,0,0,0,0,0,0,0,0,41,100,0,0,0,0,0,0,0,0,0,0,0,0,0,0,0,0,0,0,0,0,0,0,0,0,0,0,0,0,0,null,null,null,null,null,null,null,0,
19000002,メイド（タイ）,19000000,HUMAN_9,1,1,1,0,0,0,1,1,1,1,1,1,1,1,1,200,0,0,500,13,13,BLOW,13,13,7,20,25,17,9,8,30,4,4,16,2,1,100,1,80,200,1,0,0,0,0,0,0,0,150,0,0,0,150,150,0,0,0,41,100,0,0,0,0,0,0,0,0,0,0,41,100,0,0,0,0,0,0,0,0,0,0,0,0,0,0,0,0,0,0,0,0,0,0,0,0,0,0,0,0,0,null,null,null,null,null,null,null,0,
19020000,Samba,19020000,ANIMAL_42,1,1,1,0,0,0,1,1,1,1,1,1,1,1,1,450,0,0,350,46,46,STAB,12,12,15,17,30,10,30,10,35,20,25,20,15,5,100,1,80,200,1,0,0,0,0,0,0,0,50,50,50,50,80,50,50,80,80,41,100,0,0,0,0,0,0,0,0,0,0,41,100,0,0,0,0,0,0,0,0,0,0,0,0,0,0,0,0,0,0,0,0,0,0,0,0,0,0,0,0,0,null,null,null,null,null,null,null,0,
19020001,SomSom,19020001,ANIMAL_43,1,1,1,0,0,0,1,1,1,1,1,1,1,1,1,450,0,0,350,46,46,STAB,12,12,15,17,30,10,30,10,35,20,25,20,15,5,100,1,80,200,1,0,0,0,0,0,0,0,50,50,50,50,80,50,50,80,80,41,100,0,0,0,0,0,0,0,0,0,0,41,100,0,0,0,0,0,0,0,0,0,0,0,0,0,0,0,0,0,0,0,0,0,0,0,0,0,0,0,0,0,null,null,null,null,null,null,null,0,
19030000,Wedding Carriage,19030000,ANIMAL_RIDE_4,1,1,1,0,0,0,1,1,1,1,1,1,1,1,1,320,0,0,325,49,49,STAB,43,43,37,26,18,10,43,24,13,28,15,14,21,4,120,1,150,130,1,0,0,0,0,0,0,0,150,0,50,0,150,0,50,0,150,41,100,0,0,0,0,0,0,0,0,0,0,41,100,0,0,0,0,0,0,0,0,0,0,0,0,0,0,0,0,0,0,0,0,0,0,0,0,0,0,0,0,0,null,null,null,null,null,null,null,0,
19030100,ドラゴ(白),19030100,ANIMAL_RIDE_4,1,1,1,0,0,0,1,1,1,1,1,1,1,1,1,320,0,0,400,49,49,SLASH,43,43,37,26,18,10,43,24,13,28,15,14,21,4,120,1,150,130,1,0,0,0,0,0,0,0,150,0,50,0,150,0,50,0,150,41,100,0,0,0,0,0,0,0,0,0,0,41,100,0,0,0,0,0,0,0,0,0,0,0,0,0,0,0,0,0,0,0,0,0,0,0,0,0,0,0,0,0,null,null,null,null,null,null,null,0,
19030101,ドラゴ(緑),19030101,ANIMAL_RIDE_4,1,1,1,0,0,0,1,1,1,1,1,1,1,1,1,320,0,0,450,49,49,SLASH,43,43,37,26,18,10,43,24,13,28,15,14,21,4,120,1,150,130,1,0,0,0,0,0,0,0,150,0,50,0,150,0,50,0,150,41,100,0,0,0,0,0,0,0,0,0,0,41,100,0,0,0,0,0,0,0,0,0,0,0,0,0,0,0,0,0,0,0,0,0,0,0,0,0,0,0,0,0,null,null,null,null,null,null,null,0,
19030102,ドラゴ(ピンク),19030102,ANIMAL_RIDE_4,1,1,1,0,0,0,1,1,1,1,1,1,1,1,1,320,0,0,350,49,49,SLASH,43,43,37,26,18,10,43,24,13,28,15,14,21,4,120,1,150,130,1,0,0,0,0,0,0,0,150,0,50,0,150,0,50,0,150,41,100,0,0,0,0,0,0,0,0,0,0,41,100,0,0,0,0,0,0,0,0,0,0,0,0,0,0,0,0,0,0,0,0,0,0,0,0,0,0,0,0,0,null,null,null,null,null,null,null,0,
19030103,ドラゴ(紫),19030103,ANIMAL_RIDE_4,1,1,1,0,0,0,1,1,1,1,1,1,1,1,1,320,0,0,350,49,49,SLASH,43,43,37,26,18,10,43,24,13,28,15,14,21,4,120,1,150,130,1,0,0,0,0,0,0,0,150,0,50,0,150,0,50,0,150,41,100,0,0,0,0,0,0,0,0,0,0,41,100,0,0,0,0,0,0,0,0,0,0,0,0,0,0,0,0,0,0,0,0,0,0,0,0,0,0,0,0,0,null,null,null,null,null,null,null,0,
19030104,ドラゴ(橙色),19030104,ANIMAL_RIDE_4,1,1,1,0,0,0,1,1,1,1,1,1,1,1,1,320,0,0,290,49,49,SLASH,43,43,37,26,18,10,43,24,13,28,15,14,21,4,120,1,150,130,1,0,0,0,0,0,0,0,150,0,50,0,150,0,50,0,150,41,100,0,0,0,0,0,0,0,0,0,0,41,100,0,0,0,0,0,0,0,0,0,0,0,0,0,0,0,0,0,0,0,0,0,0,0,0,0,0,0,0,0,null,null,null,null,null,null,null,0,
14350000,Graze Pig（タイ）,14350000,ANIMAL_12,1,1,1,0,0,0,1,1,1,1,1,1,1,1,1,450,0,0,350,46,46,STAB,12,12,26,17,15,10,30,10,35,20,25,20,15,5,100,1,80,200,1,0,0,0,0,0,0,0,50,50,50,50,80,50,50,80,80,41,100,0,0,0,0,0,0,0,0,0,0,41,100,0,0,0,0,0,0,0,0,0,0,0,0,0,0,0,0,0,0,0,0,0,0,0,0,0,0,0,0,0,null,null,null,null,null,null,null,0,
































